rank,score
1,0.0
2,0.00044
3,0.00044
4,0.00044
5,0.00044
6,0.00044
7,0.00044
8,0.00044
9,0.00044
10,0.00044
11,0.00044
12,0.00044
13,0.00044
14,0.00044
15,0.00044
16,0.00044
17,0.00044
18,0.00044
19,0.00044
20,0.00044
21,0.00044
22,0.00044
23,0.00044
24,0.00044
25,0.00044
26,0.00044
27,0.00044
28,0.00044
29,0.00044
30,0.00044
31,0.00044
32,0.00044
33,0.00044
34,0.00044
35,0.00044
36,0.00044
37,0.00044
38,0.00044
39,0.00044
40,0.00044
41,0.00044
42,0.00044
43,0.00044
44,0.00044
45,0.00044
46,0.00044
47,0.00044
48,0.00044
49,0.00044
50,0.00044
51,0.00044
52,0.00044
53,0.00044
54,0.00044
55,0.00537
56,0.01587
57,0.01587
58,0.01587
59,0.01944
60,0.03623
61,0.03806
62,0.04954
63,0.05179
64,0.05552
65,0.05903
66,0.0687
67,0.07389
68,0.08556
69,0.08556
70,0.08556
71,0.08556
72,0.10263
73,0.10646
74,0.10939
75,0.10979
76,0.10985
77,0.11009
78,0.11024
79,0.11055
80,0.11055
81,0.11058
82,0.11255
83,0.11287
84,0.11298
85,0.11403
86,0.11436
87,0.11464
88,0.11472
89,0.11518
90,0.11548
91,0.11548
92,0.1157
93,0.1157
94,0.11573
95,0.11603
96,0.11607
97,0.11611
98,0.11617
99,0.11621
100,0.11621
101,0.11628
102,0.11631
103,0.11634
104,0.11634
105,0.11638
106,0.1164
107,0.11641
108,0.11641
109,0.11643
110,0.11656
111,0.11658
112,0.11659
113,0.11662
114,0.11663
115,0.11664
116,0.11675
117,0.11677
118,0.11682
119,0.11686
120,0.11698
121,0.11698
122,0.11703
123,0.11719
124,0.1172
125,0.11721
126,0.11723
127,0.11724
128,0.11725
129,0.11729
130,0.1173
131,0.11734
132,0.11735
133,0.11735
134,0.11736
135,0.11738
136,0.11739
137,0.1174
138,0.11743
139,0.11744
140,0.11744
141,0.11744
142,0.11744
143,0.11744
144,0.11744
145,0.1175
146,0.11755
147,0.11755
148,0.11756
149,0.11757
150,0.11757
151,0.11758
152,0.1176
153,0.11761
154,0.11762
155,0.11763
156,0.11767
157,0.1177
158,0.1177
159,0.11772
160,0.11775
161,0.11777
162,0.11778
163,0.1178
164,0.1178
165,0.11782
166,0.11784
167,0.11784
168,0.11784
169,0.11784
170,0.11784
171,0.11784
172,0.11785
173,0.11788
174,0.11788
175,0.11789
176,0.11792
177,0.11793
178,0.11793
179,0.11794
180,0.11796
181,0.118
182,0.11802
183,0.11803
184,0.11804
185,0.11804
186,0.11805
187,0.11805
188,0.11805
189,0.11806
190,0.11808
191,0.11809
192,0.11813
193,0.11813
194,0.11813
195,0.11815
196,0.11815
197,0.11822
198,0.11823
199,0.11827
200,0.11827
201,0.11827
202,0.11827
203,0.11829
204,0.11829
205,0.11832
206,0.11833
207,0.11833
208,0.11833
209,0.11833
210,0.11833
211,0.11833
212,0.11838
213,0.11838
214,0.11839
215,0.1184
216,0.11841
217,0.11841
218,0.11843
219,0.11843
220,0.11847
221,0.11849
222,0.11851
223,0.11852
224,0.11855
225,0.11858
226,0.11858
227,0.11859
228,0.1186
229,0.11861
230,0.11862
231,0.11862
232,0.11864
233,0.11866
234,0.11866
235,0.11866
236,0.11866
237,0.11867
238,0.11869
239,0.11872
240,0.11874
241,0.11875
242,0.11877
243,0.11878
244,0.1188
245,0.11883
246,0.11884
247,0.11887
248,0.11888
249,0.11889
250,0.1189
251,0.11893
252,0.11895
253,0.11895
254,0.11895
255,0.11895
256,0.11895
257,0.11895
258,0.11896
259,0.11897
260,0.11897
261,0.11897
262,0.11897
263,0.11898
264,0.11898
265,0.11899
266,0.11899
267,0.11899
268,0.11901
269,0.11902
270,0.11903
271,0.11903
272,0.11906
273,0.11906
274,0.11907
275,0.11908
276,0.11909
277,0.11909
278,0.11909
279,0.11909
280,0.1191
281,0.11911
282,0.11913
283,0.11913
284,0.11915
285,0.11916
286,0.11916
287,0.11918
288,0.11919
289,0.1192
290,0.1192
291,0.11923
292,0.11925
293,0.11927
294,0.11928
295,0.11928
296,0.11928
297,0.11928
298,0.11929
299,0.1193
300,0.1193
301,0.11933
302,0.11933
303,0.11933
304,0.11934
305,0.11934
306,0.11935
307,0.11937
308,0.11938
309,0.11939
310,0.11939
311,0.11939
312,0.11939
313,0.11941
314,0.11946
315,0.11946
316,0.11946
317,0.11946
318,0.11947
319,0.11951
320,0.11954
321,0.11956
322,0.11957
323,0.11959
324,0.11959
325,0.11961
326,0.11962
327,0.11963
328,0.11963
329,0.11963
330,0.11964
331,0.11964
332,0.11964
333,0.11966
334,0.11966
335,0.11967
336,0.11968
337,0.11969
338,0.11969
339,0.11969
340,0.11971
341,0.11972
342,0.11972
343,0.11972
344,0.11973
345,0.11974
346,0.11974
347,0.11975
348,0.11976
349,0.11976
350,0.11977
351,0.1198
352,0.11983
353,0.11983
354,0.11985
355,0.11987
356,0.11989
357,0.11992
358,0.11992
359,0.11994
360,0.11996
361,0.11996
362,0.11996
363,0.11996
364,0.11998
365,0.11998
366,0.11998
367,0.12
368,0.12002
369,0.12002
370,0.12002
371,0.12003
372,0.12004
373,0.12004
374,0.12004
375,0.12005
376,0.12005
377,0.12006
378,0.12008
379,0.12009
380,0.1201
381,0.1201
382,0.1201
383,0.1201
384,0.12011
385,0.12011
386,0.12011
387,0.12011
388,0.12011
389,0.12011
390,0.12011
391,0.12011
392,0.12011
393,0.12012
394,0.12012
395,0.12013
396,0.12013
397,0.12013
398,0.12016
399,0.12019
400,0.1202
401,0.12022
402,0.12022
403,0.12022
404,0.12023
405,0.12025
406,0.12025
407,0.12025
408,0.12026
409,0.12026
410,0.12027
411,0.12027
412,0.12028
413,0.12028
414,0.12028
415,0.12029
416,0.12029
417,0.12029
418,0.1203
419,0.12031
420,0.12031
421,0.12031
422,0.12034
423,0.12036
424,0.12036
425,0.12039
426,0.12039
427,0.12039
428,0.12039
429,0.12039
430,0.12042
431,0.12042
432,0.12043
433,0.12045
434,0.12045
435,0.12046
436,0.12046
437,0.12048
438,0.1205
439,0.1205
440,0.1205
441,0.1205
442,0.12052
443,0.12052
444,0.12053
445,0.12053
446,0.12053
447,0.12057
448,0.12057
449,0.12058
450,0.12058
451,0.12058
452,0.12058
453,0.12058
454,0.12058
455,0.12058
456,0.12059
457,0.1206
458,0.1206
459,0.12061
460,0.12062
461,0.12063
462,0.12063
463,0.12063
464,0.12065
465,0.12066
466,0.12066
467,0.12067
468,0.12067
469,0.12068
470,0.12069
471,0.1207
472,0.1207
473,0.12071
474,0.12073
475,0.12077
476,0.12078
477,0.12079
478,0.12081
479,0.12083
480,0.12083
481,0.12083
482,0.12083
483,0.12083
484,0.12084
485,0.12085
486,0.12085
487,0.12085
488,0.12086
489,0.12086
490,0.12089
491,0.12089
492,0.12089
493,0.12089
494,0.1209
495,0.12091
496,0.12091
497,0.12091
498,0.12091
499,0.12092
500,0.12092
501,0.12092
502,0.12093
503,0.12093
504,0.12094
505,0.12096
506,0.12096
507,0.12096
508,0.12096
509,0.12097
510,0.12097
511,0.12097
512,0.12099
513,0.12099
514,0.121
515,0.121
516,0.12101
517,0.12102
518,0.12102
519,0.12104
520,0.12105
521,0.12105
522,0.12106
523,0.12107
524,0.12107
525,0.12107
526,0.12109
527,0.12111
528,0.12111
529,0.12111
530,0.12112
531,0.12112
532,0.12112
533,0.12112
534,0.12114
535,0.12115
536,0.12115
537,0.12115
538,0.12115
539,0.12118
540,0.12118
541,0.12118
542,0.12119
543,0.1212
544,0.1212
545,0.12121
546,0.12122
547,0.12122
548,0.12123
549,0.12123
550,0.12123
551,0.12123
552,0.12124
553,0.12127
554,0.12127
555,0.12127
556,0.12128
557,0.12129
558,0.12129
559,0.12129
560,0.12131
561,0.12133
562,0.12134
563,0.12134
564,0.12135
565,0.12136
566,0.12138
567,0.12139
568,0.12139
569,0.1214
570,0.1214
571,0.12142
572,0.12143
573,0.12143
574,0.12144
575,0.12145
576,0.12146
577,0.12146
578,0.12147
579,0.12148
580,0.12149
581,0.12149
582,0.12151
583,0.12151
584,0.12151
585,0.12152
586,0.12152
587,0.12154
588,0.12156
589,0.12157
590,0.12158
591,0.12158
592,0.12161
593,0.12162
594,0.12162
595,0.12163
596,0.12164
597,0.12165
598,0.12165
599,0.12166
600,0.12166
601,0.12166
602,0.12167
603,0.12167
604,0.12167
605,0.12167
606,0.1217
607,0.12172
608,0.12173
609,0.12173
610,0.12173
611,0.12174
612,0.12174
613,0.12174
614,0.12174
615,0.12175
616,0.12175
617,0.12175
618,0.12176
619,0.12176
620,0.12176
621,0.12176
622,0.12179
623,0.1218
624,0.12181
625,0.12181
626,0.12182
627,0.12182
628,0.12182
629,0.12182
630,0.12183
631,0.12184
632,0.12185
633,0.12186
634,0.12187
635,0.12187
636,0.12189
637,0.1219
638,0.12191
639,0.12192
640,0.12192
641,0.12194
642,0.12195
643,0.12195
644,0.12196
645,0.12197
646,0.12198
647,0.12199
648,0.122
649,0.12204
650,0.12205
651,0.12205
652,0.12205
653,0.12206
654,0.12206
655,0.12207
656,0.12207
657,0.12208
658,0.12208
659,0.12208
660,0.12209
661,0.1221
662,0.12211
663,0.12211
664,0.12211
665,0.12212
666,0.12212
667,0.12212
668,0.12214
669,0.12215
670,0.12215
671,0.12217
672,0.12217
673,0.12217
674,0.12218
675,0.12218
676,0.12218
677,0.12219
678,0.12222
679,0.12222
680,0.12224
681,0.12225
682,0.12225
683,0.12225
684,0.12225
685,0.12226
686,0.12227
687,0.12227
688,0.12231
689,0.12231
690,0.12233
691,0.12233
692,0.12235
693,0.12236
694,0.12237
695,0.12237
696,0.12237
697,0.12238
698,0.12238
699,0.12238
700,0.12239
701,0.12239
702,0.1224
703,0.1224
704,0.12241
705,0.12241
706,0.12242
707,0.12243
708,0.12243
709,0.12244
710,0.12245
711,0.12246
712,0.12246
713,0.12247
714,0.12247
715,0.12247
716,0.12247
717,0.12248
718,0.12248
719,0.12251
720,0.12251
721,0.12251
722,0.12253
723,0.12253
724,0.12254
725,0.12254
726,0.12256
727,0.12257
728,0.12257
729,0.12259
730,0.1226
731,0.1226
732,0.1226
733,0.1226
734,0.1226
735,0.1226
736,0.12262
737,0.12262
738,0.12264
739,0.12264
740,0.12265
741,0.12266
742,0.12266
743,0.12266
744,0.12267
745,0.12267
746,0.12267
747,0.12269
748,0.12269
749,0.12271
750,0.12272
751,0.12273
752,0.12273
753,0.12273
754,0.12274
755,0.12276
756,0.12277
757,0.12277
758,0.12277
759,0.12277
760,0.12279
761,0.12279
762,0.1228
763,0.12281
764,0.12283
765,0.12283
766,0.12284
767,0.12285
768,0.12285
769,0.12285
770,0.12285
771,0.12286
772,0.12286
773,0.12286
774,0.12287
775,0.12288
776,0.12288
777,0.12289
778,0.1229
779,0.12291
780,0.12292
781,0.12292
782,0.12292
783,0.12292
784,0.12292
785,0.12292
786,0.12293
787,0.12294
788,0.12294
789,0.12294
790,0.12295
791,0.12297
792,0.12297
793,0.12298
794,0.12298
795,0.12299
796,0.12299
797,0.12299
798,0.123
799,0.123
800,0.12301
801,0.12301
802,0.12301
803,0.12302
804,0.12303
805,0.12303
806,0.12303
807,0.12303
808,0.12303
809,0.12306
810,0.12306
811,0.12307
812,0.12307
813,0.12308
814,0.12308
815,0.12308
816,0.12309
817,0.12309
818,0.12309
819,0.1231
820,0.1231
821,0.1231
822,0.12312
823,0.12313
824,0.12314
825,0.12314
826,0.12314
827,0.12315
828,0.12315
829,0.12316
830,0.12316
831,0.12316
832,0.12316
833,0.12317
834,0.12317
835,0.12319
836,0.12319
837,0.12321
838,0.12321
839,0.12321
840,0.12321
841,0.12323
842,0.12323
843,0.12323
844,0.12324
845,0.12325
846,0.12326
847,0.12326
848,0.12327
849,0.12328
850,0.12328
851,0.12329
852,0.12329
853,0.1233
854,0.1233
855,0.12332
856,0.12332
857,0.12335
858,0.12335
859,0.12336
860,0.12336
861,0.12337
862,0.12339
863,0.12339
864,0.1234
865,0.12341
866,0.12342
867,0.12342
868,0.12344
869,0.12344
870,0.12344
871,0.12344
872,0.12345
873,0.12346
874,0.12346
875,0.12346
876,0.12347
877,0.12347
878,0.12347
879,0.12347
880,0.12349
881,0.12349
882,0.1235
883,0.1235
884,0.12351
885,0.12352
886,0.12352
887,0.12352
888,0.12352
889,0.12353
890,0.12354
891,0.12354
892,0.12356
893,0.12356
894,0.12357
895,0.12357
896,0.12358
897,0.12359
898,0.12359
899,0.1236
900,0.12361
901,0.12361
902,0.12363
903,0.12363
904,0.12363
905,0.12364
906,0.12365
907,0.12366
908,0.12368
909,0.12368
910,0.12368
911,0.12368
912,0.12369
913,0.12369
914,0.12369
915,0.12369
916,0.12371
917,0.12372
918,0.12373
919,0.12373
920,0.12374
921,0.12374
922,0.12375
923,0.12375
924,0.12376
925,0.12376
926,0.12378
927,0.12379
928,0.12379
929,0.12379
930,0.12379
931,0.1238
932,0.12383
933,0.12384
934,0.12384
935,0.12385
936,0.12385
937,0.12386
938,0.12386
939,0.12387
940,0.12387
941,0.12387
942,0.12389
943,0.12389
944,0.12389
945,0.12389
946,0.1239
947,0.12391
948,0.12392
949,0.12392
950,0.12393
951,0.12394
952,0.12394
953,0.12396
954,0.12397
955,0.12397
956,0.12397
957,0.12398
958,0.12398
959,0.12399
960,0.12399
961,0.124
962,0.124
963,0.124
964,0.124
965,0.12402
966,0.12403
967,0.12404
968,0.12406
969,0.12407
970,0.12407
971,0.12407
972,0.12408
973,0.12408
974,0.12409
975,0.1241
976,0.12411
977,0.12412
978,0.12412
979,0.12412
980,0.12412
981,0.12413
982,0.12413
983,0.12414
984,0.12414
985,0.12415
986,0.12416
987,0.12416
988,0.12417
989,0.12417
990,0.12417
991,0.12419
992,0.1242
993,0.1242
994,0.12421
995,0.12423
996,0.12423
997,0.12423
998,0.12424
999,0.12425
1000,0.12425
1001,0.12425
1002,0.12425
1003,0.12426
1004,0.12427
1005,0.12427
1006,0.12428
1007,0.12428
1008,0.12429
1009,0.12429
1010,0.1243
1011,0.12431
1012,0.12431
1013,0.12432
1014,0.12433
1015,0.12436
1016,0.12437
1017,0.12437
1018,0.12438
1019,0.12438
1020,0.12439
1021,0.1244
1022,0.12441
1023,0.12442
1024,0.12442
1025,0.12443
1026,0.12444
1027,0.12445
1028,0.12445
1029,0.12446
1030,0.12446
1031,0.12446
1032,0.12446
1033,0.12446
1034,0.12448
1035,0.12448
1036,0.12448
1037,0.12449
1038,0.12449
1039,0.12452
1040,0.12453
1041,0.12453
1042,0.12453
1043,0.12453
1044,0.12454
1045,0.12454
1046,0.12455
1047,0.12456
1048,0.12457
1049,0.12457
1050,0.12458
1051,0.12459
1052,0.12459
1053,0.12459
1054,0.1246
1055,0.12461
1056,0.12462
1057,0.12462
1058,0.12464
1059,0.12465
1060,0.12466
1061,0.12467
1062,0.12467
1063,0.12468
1064,0.12468
1065,0.12468
1066,0.12468
1067,0.12469
1068,0.12469
1069,0.1247
1070,0.12472
1071,0.12472
1072,0.12472
1073,0.12474
1074,0.12474
1075,0.12475
1076,0.12475
1077,0.12477
1078,0.12477
1079,0.12477
1080,0.12478
1081,0.12479
1082,0.1248
1083,0.1248
1084,0.12481
1085,0.12482
1086,0.12482
1087,0.12482
1088,0.12482
1089,0.12482
1090,0.12482
1091,0.12483
1092,0.12483
1093,0.12484
1094,0.12485
1095,0.12485
1096,0.12486
1097,0.12486
1098,0.12486
1099,0.12487
1100,0.12487
1101,0.12487
1102,0.12488
1103,0.12488
1104,0.12488
1105,0.12488
1106,0.12489
1107,0.12489
1108,0.1249
1109,0.1249
1110,0.12491
1111,0.12492
1112,0.12494
1113,0.12494
1114,0.12496
1115,0.12496
1116,0.12497
1117,0.12497
1118,0.12498
1119,0.12498
1120,0.12499
1121,0.12499
1122,0.12499
1123,0.125
1124,0.125
1125,0.125
1126,0.125
1127,0.12502
1128,0.12502
1129,0.12504
1130,0.12505
1131,0.12506
1132,0.12507
1133,0.12508
1134,0.12508
1135,0.12508
1136,0.12511
1137,0.12511
1138,0.12512
1139,0.12512
1140,0.12512
1141,0.12512
1142,0.12513
1143,0.12515
1144,0.12516
1145,0.12518
1146,0.12518
1147,0.12519
1148,0.12519
1149,0.1252
1150,0.12522
1151,0.12523
1152,0.12523
1153,0.12523
1154,0.12524
1155,0.12525
1156,0.12527
1157,0.12527
1158,0.12528
1159,0.12528
1160,0.12528
1161,0.1253
1162,0.1253
1163,0.12531
1164,0.12532
1165,0.12532
1166,0.12532
1167,0.12533
1168,0.12533
1169,0.12536
1170,0.12537
1171,0.12537
1172,0.12538
1173,0.12538
1174,0.12539
1175,0.12539
1176,0.12539
1177,0.1254
1178,0.12543
1179,0.12543
1180,0.12544
1181,0.12545
1182,0.12546
1183,0.12546
1184,0.12547
1185,0.12547
1186,0.12548
1187,0.12548
1188,0.12549
1189,0.12549
1190,0.12551
1191,0.12553
1192,0.12553
1193,0.12554
1194,0.12554
1195,0.12554
1196,0.12555
1197,0.12555
1198,0.12556
1199,0.12556
1200,0.12557
1201,0.12558
1202,0.12558
1203,0.12559
1204,0.12559
1205,0.12559
1206,0.1256
1207,0.1256
1208,0.12561
1209,0.12561
1210,0.12562
1211,0.12562
1212,0.12563
1213,0.12563
1214,0.12564
1215,0.12565
1216,0.12565
1217,0.12566
1218,0.12566
1219,0.12567
1220,0.12567
1221,0.12567
1222,0.12568
1223,0.12568
1224,0.1257
1225,0.1257
1226,0.12571
1227,0.12572
1228,0.12574
1229,0.12574
1230,0.12575
1231,0.12575
1232,0.12576
1233,0.12576
1234,0.12576
1235,0.12576
1236,0.12578
1237,0.12578
1238,0.12578
1239,0.12579
1240,0.12582
1241,0.12582
1242,0.12583
1243,0.12583
1244,0.12585
1245,0.12586
1246,0.12586
1247,0.12586
1248,0.12588
1249,0.12589
1250,0.1259
1251,0.1259
1252,0.1259
1253,0.12591
1254,0.12591
1255,0.12591
1256,0.12592
1257,0.12592
1258,0.12592
1259,0.12593
1260,0.12594
1261,0.12594
1262,0.12595
1263,0.12595
1264,0.12595
1265,0.12596
1266,0.12598
1267,0.126
1268,0.126
1269,0.12602
1270,0.12603
1271,0.12604
1272,0.12606
1273,0.12607
1274,0.12608
1275,0.12608
1276,0.12609
1277,0.12609
1278,0.12609
1279,0.12609
1280,0.1261
1281,0.1261
1282,0.1261
1283,0.1261
1284,0.12611
1285,0.12612
1286,0.12612
1287,0.12612
1288,0.12612
1289,0.12614
1290,0.12616
1291,0.12616
1292,0.12616
1293,0.12617
1294,0.12617
1295,0.12617
1296,0.1262
1297,0.12621
1298,0.12621
1299,0.12621
1300,0.12621
1301,0.12622
1302,0.12623
1303,0.12624
1304,0.12624
1305,0.12625
1306,0.12625
1307,0.12625
1308,0.12626
1309,0.12626
1310,0.12628
1311,0.12629
1312,0.12629
1313,0.12629
1314,0.12629
1315,0.12631
1316,0.12632
1317,0.12632
1318,0.12633
1319,0.12633
1320,0.12634
1321,0.12634
1322,0.12635
1323,0.12636
1324,0.12636
1325,0.12636
1326,0.12637
1327,0.12637
1328,0.12638
1329,0.12638
1330,0.1264
1331,0.1264
1332,0.1264
1333,0.12641
1334,0.12642
1335,0.12642
1336,0.12643
1337,0.12643
1338,0.12643
1339,0.12643
1340,0.12644
1341,0.12645
1342,0.12646
1343,0.12646
1344,0.12646
1345,0.12647
1346,0.12647
1347,0.12647
1348,0.12648
1349,0.12648
1350,0.12649
1351,0.1265
1352,0.1265
1353,0.12651
1354,0.12651
1355,0.12652
1356,0.12652
1357,0.12652
1358,0.12652
1359,0.12655
1360,0.12655
1361,0.12655
1362,0.12656
1363,0.12656
1364,0.12657
1365,0.12657
1366,0.12659
1367,0.12659
1368,0.1266
1369,0.1266
1370,0.12661
1371,0.12662
1372,0.12662
1373,0.12663
1374,0.12663
1375,0.12664
1376,0.12665
1377,0.12665
1378,0.12665
1379,0.12667
1380,0.12668
1381,0.12668
1382,0.12668
1383,0.12668
1384,0.12668
1385,0.12669
1386,0.12669
1387,0.12671
1388,0.12671
1389,0.12671
1390,0.12672
1391,0.12672
1392,0.12673
1393,0.12673
1394,0.12673
1395,0.12674
1396,0.12675
1397,0.12676
1398,0.12678
1399,0.12679
1400,0.1268
1401,0.12681
1402,0.12681
1403,0.12681
1404,0.12681
1405,0.12682
1406,0.12682
1407,0.12685
1408,0.12685
1409,0.12686
1410,0.12686
1411,0.12687
1412,0.12687
1413,0.12688
1414,0.12688
1415,0.12688
1416,0.12688
1417,0.12688
1418,0.12689
1419,0.12689
1420,0.1269
1421,0.1269
1422,0.1269
1423,0.1269
1424,0.1269
1425,0.12691
1426,0.12691
1427,0.12691
1428,0.12691
1429,0.12691
1430,0.12692
1431,0.12692
1432,0.12693
1433,0.12693
1434,0.12693
1435,0.12693
1436,0.12694
1437,0.12694
1438,0.12694
1439,0.12694
1440,0.12695
1441,0.12696
1442,0.12697
1443,0.12697
1444,0.12697
1445,0.12697
1446,0.12697
1447,0.12699
1448,0.12699
1449,0.127
1450,0.127
1451,0.127
1452,0.12701
1453,0.12702
1454,0.12702
1455,0.12703
1456,0.12704
1457,0.12704
1458,0.12705
1459,0.12706
1460,0.12706
1461,0.12707
1462,0.12707
1463,0.12707
1464,0.12707
1465,0.12707
1466,0.12708
1467,0.12708
1468,0.12709
1469,0.1271
1470,0.1271
1471,0.12711
1472,0.12712
1473,0.12713
1474,0.12713
1475,0.12715
1476,0.12715
1477,0.12715
1478,0.12715
1479,0.12716
1480,0.12718
1481,0.12718
1482,0.12718
1483,0.12719
1484,0.1272
1485,0.12721
1486,0.12724
1487,0.12725
1488,0.12728
1489,0.12728
1490,0.12729
1491,0.12729
1492,0.1273
1493,0.1273
1494,0.1273
1495,0.1273
1496,0.1273
1497,0.1273
1498,0.1273
1499,0.1273
1500,0.1273
1501,0.1273
1502,0.1273
1503,0.1273
1504,0.1273
1505,0.1273
1506,0.1273
1507,0.1273
1508,0.1273
1509,0.12731
1510,0.12731
1511,0.12731
1512,0.12731
1513,0.12732
1514,0.12734
1515,0.12734
1516,0.12735
1517,0.12736
1518,0.12736
1519,0.12736
1520,0.12737
1521,0.12737
1522,0.12737
1523,0.12737
1524,0.12737
1525,0.12738
1526,0.12738
1527,0.12739
1528,0.12741
1529,0.12741
1530,0.12741
1531,0.12741
1532,0.12741
1533,0.12742
1534,0.12742
1535,0.12743
1536,0.12744
1537,0.12744
1538,0.12745
1539,0.12745
1540,0.12745
1541,0.12745
1542,0.12745
1543,0.12746
1544,0.12746
1545,0.12746
1546,0.12747
1547,0.12747
1548,0.12747
1549,0.12747
1550,0.12747
1551,0.12748
1552,0.12748
1553,0.12748
1554,0.12748
1555,0.12749
1556,0.12749
1557,0.12749
1558,0.1275
1559,0.12751
1560,0.12751
1561,0.12752
1562,0.12753
1563,0.12754
1564,0.12755
1565,0.12755
1566,0.12755
1567,0.12755
1568,0.12756
1569,0.12757
1570,0.12757
1571,0.12758
1572,0.12759
1573,0.1276
1574,0.12762
1575,0.12762
1576,0.12762
1577,0.12762
1578,0.12763
1579,0.12763
1580,0.12764
1581,0.12764
1582,0.12764
1583,0.12765
1584,0.12766
1585,0.12766
1586,0.12767
1587,0.12767
1588,0.12768
1589,0.1277
1590,0.12771
1591,0.12771
1592,0.12772
1593,0.12772
1594,0.12772
1595,0.12772
1596,0.12773
1597,0.12776
1598,0.12776
1599,0.12776
1600,0.12777
1601,0.12778
1602,0.12779
1603,0.12779
1604,0.12779
1605,0.1278
1606,0.1278
1607,0.12782
1608,0.12782
1609,0.12783
1610,0.12783
1611,0.12785
1612,0.12785
1613,0.12785
1614,0.12786
1615,0.12786
1616,0.12787
1617,0.12788
1618,0.12788
1619,0.12788
1620,0.1279
1621,0.12791
1622,0.12792
1623,0.12792
1624,0.12792
1625,0.12792
1626,0.12792
1627,0.12792
1628,0.12792
1629,0.12792
1630,0.12792
1631,0.12792
1632,0.12792
1633,0.12792
1634,0.12792
1635,0.12792
1636,0.12792
1637,0.12792
1638,0.12792
1639,0.12792
1640,0.12792
1641,0.12792
1642,0.12792
1643,0.12792
1644,0.12792
1645,0.12792
1646,0.12792
1647,0.12792
1648,0.12792
1649,0.12792
1650,0.12792
1651,0.12792
1652,0.12792
1653,0.12793
1654,0.12794
1655,0.12794
1656,0.12794
1657,0.12796
1658,0.12796
1659,0.12796
1660,0.12796
1661,0.12798
1662,0.12798
1663,0.12799
1664,0.12799
1665,0.12799
1666,0.128
1667,0.128
1668,0.128
1669,0.128
1670,0.128
1671,0.12801
1672,0.12801
1673,0.12802
1674,0.12803
1675,0.12803
1676,0.12803
1677,0.12804
1678,0.12805
1679,0.12805
1680,0.12807
1681,0.12807
1682,0.12809
1683,0.12809
1684,0.12809
1685,0.1281
1686,0.1281
1687,0.12812
1688,0.12813
1689,0.12813
1690,0.12813
1691,0.12813
1692,0.12816
1693,0.12816
1694,0.12816
1695,0.12817
1696,0.12818
1697,0.12819
1698,0.1282
1699,0.12821
1700,0.12822
1701,0.12822
1702,0.12822
1703,0.12822
1704,0.12825
1705,0.12826
1706,0.12826
1707,0.12826
1708,0.12827
1709,0.12829
1710,0.12831
1711,0.12831
1712,0.12831
1713,0.12832
1714,0.12833
1715,0.12833
1716,0.12833
1717,0.12834
1718,0.12834
1719,0.12834
1720,0.12834
1721,0.12835
1722,0.12835
1723,0.12836
1724,0.12836
1725,0.12837
1726,0.12837
1727,0.12838
1728,0.12838
1729,0.12839
1730,0.12839
1731,0.12839
1732,0.1284
1733,0.12841
1734,0.12843
1735,0.12843
1736,0.12845
1737,0.12847
1738,0.12847
1739,0.1285
1740,0.1285
1741,0.12851
1742,0.12851
1743,0.12851
1744,0.12853
1745,0.12853
1746,0.12853
1747,0.12855
1748,0.12856
1749,0.12856
1750,0.12857
1751,0.12857
1752,0.12857
1753,0.12857
1754,0.12858
1755,0.12859
1756,0.1286
1757,0.1286
1758,0.1286
1759,0.1286
1760,0.1286
1761,0.1286
1762,0.12861
1763,0.12861
1764,0.12861
1765,0.12861
1766,0.12861
1767,0.12861
1768,0.12861
1769,0.12861
1770,0.12861
1771,0.12861
1772,0.12861
1773,0.12861
1774,0.12861
1775,0.12861
1776,0.12861
1777,0.12861
1778,0.12861
1779,0.12861
1780,0.12861
1781,0.12861
1782,0.12861
1783,0.12861
1784,0.12861
1785,0.12863
1786,0.12866
1787,0.12867
1788,0.12868
1789,0.12869
1790,0.12869
1791,0.12869
1792,0.1287
1793,0.1287
1794,0.1287
1795,0.12873
1796,0.12874
1797,0.12875
1798,0.12875
1799,0.12876
1800,0.12877
1801,0.12877
1802,0.12879
1803,0.12879
1804,0.12879
1805,0.12879
1806,0.1288
1807,0.12881
1808,0.12882
1809,0.12882
1810,0.12883
1811,0.12884
1812,0.12884
1813,0.12884
1814,0.12884
1815,0.12885
1816,0.12885
1817,0.12885
1818,0.12885
1819,0.12885
1820,0.12885
1821,0.12886
1822,0.12888
1823,0.12888
1824,0.12888
1825,0.1289
1826,0.1289
1827,0.12891
1828,0.12892
1829,0.12892
1830,0.12892
1831,0.12892
1832,0.12894
1833,0.12894
1834,0.12895
1835,0.12895
1836,0.12896
1837,0.12896
1838,0.12897
1839,0.12898
1840,0.12898
1841,0.12898
1842,0.12899
1843,0.12899
1844,0.12899
1845,0.12899
1846,0.129
1847,0.12901
1848,0.12903
1849,0.12903
1850,0.12903
1851,0.12905
1852,0.12905
1853,0.12905
1854,0.12906
1855,0.12906
1856,0.12907
1857,0.12908
1858,0.12908
1859,0.12909
1860,0.12909
1861,0.1291
1862,0.1291
1863,0.1291
1864,0.1291
1865,0.12911
1866,0.12911
1867,0.12913
1868,0.12914
1869,0.12915
1870,0.12915
1871,0.12915
1872,0.12915
1873,0.12916
1874,0.12916
1875,0.12917
1876,0.12917
1877,0.12917
1878,0.12918
1879,0.12919
1880,0.12919
1881,0.12919
1882,0.12919
1883,0.12919
1884,0.1292
1885,0.1292
1886,0.1292
1887,0.12921
1888,0.12921
1889,0.12921
1890,0.12921
1891,0.12922
1892,0.12923
1893,0.12924
1894,0.12925
1895,0.12925
1896,0.12926
1897,0.12926
1898,0.12927
1899,0.12928
1900,0.12928
1901,0.1293
1902,0.12932
1903,0.12932
1904,0.12933
1905,0.12934
1906,0.12935
1907,0.12935
1908,0.12936
1909,0.12936
1910,0.12937
1911,0.12938
1912,0.12939
1913,0.12939
1914,0.1294
1915,0.12941
1916,0.12942
1917,0.12943
1918,0.12943
1919,0.12944
1920,0.12946
1921,0.12947
1922,0.12947
1923,0.12949
1924,0.12949
1925,0.12949
1926,0.12949
1927,0.12951
1928,0.12951
1929,0.12952
1930,0.12952
1931,0.12952
1932,0.12952
1933,0.12953
1934,0.12953
1935,0.12954
1936,0.12954
1937,0.12955
1938,0.12956
1939,0.12958
1940,0.12958
1941,0.12958
1942,0.12959
1943,0.1296
1944,0.12962
1945,0.12962
1946,0.12962
1947,0.12962
1948,0.12962
1949,0.12963
1950,0.12963
1951,0.12965
1952,0.12965
1953,0.12965
1954,0.12967
1955,0.12969
1956,0.12969
1957,0.1297
1958,0.1297
1959,0.12971
1960,0.12971
1961,0.12975
1962,0.12977
1963,0.12977
1964,0.12978
1965,0.12978
1966,0.12978
1967,0.12978
1968,0.12978
1969,0.12981
1970,0.12981
1971,0.12981
1972,0.12982
1973,0.12986
1974,0.12987
1975,0.12987
1976,0.12988
1977,0.12988
1978,0.12991
1979,0.12991
1980,0.12992
1981,0.12992
1982,0.12992
1983,0.12993
1984,0.12993
1985,0.12993
1986,0.12997
1987,0.12999
1988,0.13001
1989,0.13002
1990,0.13004
1991,0.13004
1992,0.13004
1993,0.13005
1994,0.13007
1995,0.13008
1996,0.13008
1997,0.13008
1998,0.13009
1999,0.13009
2000,0.13009
2001,0.13009
2002,0.1301
2003,0.13011
2004,0.13011
2005,0.13012
2006,0.13015
2007,0.13018
2008,0.13018
2009,0.13021
2010,0.13021
2011,0.13021
2012,0.13022
2013,0.13023
2014,0.13024
2015,0.13025
2016,0.13026
2017,0.13026
2018,0.13026
2019,0.13027
2020,0.13027
2021,0.13028
2022,0.13029
2023,0.13029
2024,0.1303
2025,0.13031
2026,0.13031
2027,0.13034
2028,0.13035
2029,0.13036
2030,0.13036
2031,0.13036
2032,0.13036
2033,0.13036
2034,0.13037
2035,0.13037
2036,0.13038
2037,0.13038
2038,0.13038
2039,0.1304
2040,0.1304
2041,0.13042
2042,0.13042
2043,0.13042
2044,0.13043
2045,0.13043
2046,0.13043
2047,0.13043
2048,0.13043
2049,0.13043
2050,0.13043
2051,0.13043
2052,0.13043
2053,0.13045
2054,0.13045
2055,0.13046
2056,0.13047
2057,0.13048
2058,0.13048
2059,0.13048
2060,0.13049
2061,0.13049
2062,0.1305
2063,0.1305
2064,0.1305
2065,0.1305
2066,0.13051
2067,0.13052
2068,0.13052
2069,0.13052
2070,0.13052
2071,0.13053
2072,0.13053
2073,0.13054
2074,0.13054
2075,0.13055
2076,0.13055
2077,0.13058
2078,0.13058
2079,0.1306
2080,0.13061
2081,0.13061
2082,0.13062
2083,0.13062
2084,0.13062
2085,0.13063
2086,0.13063
2087,0.13063
2088,0.13064
2089,0.13064
2090,0.13067
2091,0.13067
2092,0.13069
2093,0.1307
2094,0.1307
2095,0.13071
2096,0.13072
2097,0.13072
2098,0.13072
2099,0.13072
2100,0.13072
2101,0.13073
2102,0.13073
2103,0.13075
2104,0.13077
2105,0.13077
2106,0.13077
2107,0.13078
2108,0.13078
2109,0.13078
2110,0.13081
2111,0.13081
2112,0.13082
2113,0.13082
2114,0.13082
2115,0.13083
2116,0.13083
2117,0.13083
2118,0.13084
2119,0.13084
2120,0.13085
2121,0.13086
2122,0.13087
2123,0.13088
2124,0.13089
2125,0.13089
2126,0.13089
2127,0.1309
2128,0.1309
2129,0.1309
2130,0.13091
2131,0.13091
2132,0.13092
2133,0.13092
2134,0.13092
2135,0.13092
2136,0.13092
2137,0.13094
2138,0.13094
2139,0.13095
2140,0.13095
2141,0.13095
2142,0.13095
2143,0.13095
2144,0.13095
2145,0.13096
2146,0.13096
2147,0.13096
2148,0.13096
2149,0.13097
2150,0.13097
2151,0.13098
2152,0.13099
2153,0.13099
2154,0.131
2155,0.13101
2156,0.13101
2157,0.13101
2158,0.13102
2159,0.13103
2160,0.13103
2161,0.13104
2162,0.13104
2163,0.13105
2164,0.13106
2165,0.13107
2166,0.13108
2167,0.13109
2168,0.13111
2169,0.13111
2170,0.13112
2171,0.13112
2172,0.13112
2173,0.13112
2174,0.13116
2175,0.13116
2176,0.13118
2177,0.13119
2178,0.13119
2179,0.13121
2180,0.13122
2181,0.13123
2182,0.13124
2183,0.13124
2184,0.13124
2185,0.13126
2186,0.13127
2187,0.13128
2188,0.13128
2189,0.13129
2190,0.13129
2191,0.1313
2192,0.13131
2193,0.13131
2194,0.13133
2195,0.13133
2196,0.13135
2197,0.13136
2198,0.13137
2199,0.13138
2200,0.13138
2201,0.13141
2202,0.13143
2203,0.13143
2204,0.13144
2205,0.13145
2206,0.13145
2207,0.13147
2208,0.13147
2209,0.13147
2210,0.13148
2211,0.13149
2212,0.13155
2213,0.13155
2214,0.13156
2215,0.13156
2216,0.13156
2217,0.13157
2218,0.13158
2219,0.13161
2220,0.13161
2221,0.13163
2222,0.13164
2223,0.13165
2224,0.13165
2225,0.13166
2226,0.13167
2227,0.13169
2228,0.1317
2229,0.1317
2230,0.1317
2231,0.13172
2232,0.13172
2233,0.13172
2234,0.13173
2235,0.13173
2236,0.13174
2237,0.13174
2238,0.13174
2239,0.13175
2240,0.13176
2241,0.13177
2242,0.13177
2243,0.13179
2244,0.1318
2245,0.1318
2246,0.13181
2247,0.13182
2248,0.13183
2249,0.13185
2250,0.13185
2251,0.13186
2252,0.13188
2253,0.13188
2254,0.13189
2255,0.13189
2256,0.13189
2257,0.13191
2258,0.13191
2259,0.13191
2260,0.13191
2261,0.13193
2262,0.13196
2263,0.13196
2264,0.13197
2265,0.13198
2266,0.13198
2267,0.13198
2268,0.13199
2269,0.13199
2270,0.132
2271,0.13201
2272,0.13201
2273,0.13201
2274,0.13202
2275,0.13206
2276,0.13206
2277,0.13207
2278,0.13208
2279,0.13209
2280,0.13209
2281,0.1321
2282,0.13212
2283,0.13213
2284,0.13214
2285,0.13216
2286,0.13217
2287,0.13218
2288,0.13218
2289,0.13219
2290,0.1322
2291,0.1322
2292,0.13222
2293,0.13224
2294,0.13224
2295,0.13225
2296,0.13225
2297,0.13226
2298,0.13226
2299,0.13227
2300,0.13227
2301,0.13227
2302,0.13227
2303,0.13227
2304,0.13228
2305,0.13228
2306,0.13228
2307,0.13229
2308,0.1323
2309,0.1323
2310,0.13231
2311,0.13231
2312,0.13231
2313,0.13232
2314,0.13233
2315,0.13233
2316,0.13233
2317,0.13235
2318,0.13235
2319,0.13236
2320,0.13236
2321,0.13238
2322,0.13239
2323,0.1324
2324,0.13242
2325,0.13242
2326,0.13245
2327,0.13245
2328,0.13245
2329,0.13247
2330,0.13248
2331,0.13249
2332,0.13249
2333,0.13251
2334,0.13252
2335,0.13253
2336,0.13254
2337,0.13255
2338,0.13255
2339,0.13255
2340,0.13256
2341,0.13256
2342,0.13258
2343,0.13259
2344,0.1326
2345,0.13261
2346,0.13263
2347,0.13264
2348,0.13265
2349,0.13266
2350,0.13266
2351,0.13267
2352,0.13267
2353,0.13268
2354,0.13268
2355,0.13269
2356,0.13269
2357,0.13269
2358,0.13269
2359,0.13271
2360,0.13272
2361,0.13272
2362,0.13273
2363,0.13273
2364,0.13274
2365,0.13274
2366,0.13275
2367,0.13276
2368,0.13276
2369,0.13277
2370,0.13279
2371,0.13279
2372,0.13279
2373,0.1328
2374,0.1328
2375,0.13281
2376,0.13281
2377,0.13282
2378,0.13284
2379,0.13284
2380,0.13284
2381,0.13284
2382,0.13285
2383,0.13287
2384,0.13287
2385,0.13288
2386,0.13289
2387,0.13292
2388,0.13292
2389,0.13293
2390,0.13295
2391,0.13295
2392,0.13295
2393,0.13296
2394,0.13296
2395,0.13299
2396,0.13299
2397,0.133
2398,0.133
2399,0.13301
2400,0.13303
2401,0.13305
2402,0.13306
2403,0.13307
2404,0.13308
2405,0.13308
2406,0.13308
2407,0.13309
2408,0.1331
2409,0.1331
2410,0.13312
2411,0.13313
2412,0.13314
2413,0.13314
2414,0.13315
2415,0.13316
2416,0.13318
2417,0.13318
2418,0.13318
2419,0.13319
2420,0.1332
2421,0.1332
2422,0.13321
2423,0.13321
2424,0.13322
2425,0.13323
2426,0.13324
2427,0.13325
2428,0.13326
2429,0.13326
2430,0.13326
2431,0.13326
2432,0.13326
2433,0.13326
2434,0.13326
2435,0.13326
2436,0.13326
2437,0.13327
2438,0.13327
2439,0.13328
2440,0.13331
2441,0.13332
2442,0.13335
2443,0.13335
2444,0.13336
2445,0.13337
2446,0.13337
2447,0.1334
2448,0.1334
2449,0.13341
2450,0.13346
2451,0.13346
2452,0.13348
2453,0.13348
2454,0.13349
2455,0.13349
2456,0.1335
2457,0.13351
2458,0.13351
2459,0.13352
2460,0.13352
2461,0.13352
2462,0.13354
2463,0.13355
2464,0.13356
2465,0.13358
2466,0.13359
2467,0.13359
2468,0.1336
2469,0.1336
2470,0.13362
2471,0.13362
2472,0.13363
2473,0.13366
2474,0.13366
2475,0.13366
2476,0.13366
2477,0.13367
2478,0.13368
2479,0.13368
2480,0.13369
2481,0.13369
2482,0.13372
2483,0.13373
2484,0.13375
2485,0.13375
2486,0.13375
2487,0.13376
2488,0.13378
2489,0.13379
2490,0.13382
2491,0.13383
2492,0.13386
2493,0.13387
2494,0.13389
2495,0.1339
2496,0.13391
2497,0.13392
2498,0.13392
2499,0.13392
2500,0.13392
2501,0.13393
2502,0.13393
2503,0.13396
2504,0.13397
2505,0.13397
2506,0.13397
2507,0.13397
2508,0.13397
2509,0.13398
2510,0.13398
2511,0.13399
2512,0.13399
2513,0.13399
2514,0.13399
2515,0.13401
2516,0.13403
2517,0.13403
2518,0.13405
2519,0.13405
2520,0.13405
2521,0.13407
2522,0.13407
2523,0.13407
2524,0.13408
2525,0.13409
2526,0.1341
2527,0.1341
2528,0.13413
2529,0.13413
2530,0.13415
2531,0.13415
2532,0.13415
2533,0.13416
2534,0.13417
2535,0.13417
2536,0.13418
2537,0.1342
2538,0.13421
2539,0.13421
2540,0.13422
2541,0.13422
2542,0.13423
2543,0.13424
2544,0.13424
2545,0.13424
2546,0.13428
2547,0.13429
2548,0.13429
2549,0.13431
2550,0.13432
2551,0.13432
2552,0.13432
2553,0.13433
2554,0.13433
2555,0.13433
2556,0.13435
2557,0.13436
2558,0.13437
2559,0.13438
2560,0.1344
2561,0.13441
2562,0.13442
2563,0.13442
2564,0.13443
2565,0.13445
2566,0.13447
2567,0.1345
2568,0.1345
2569,0.13453
2570,0.13453
2571,0.13456
2572,0.13457
2573,0.13457
2574,0.13458
2575,0.1346
2576,0.1346
2577,0.1346
2578,0.13463
2579,0.13464
2580,0.13464
2581,0.13464
2582,0.13465
2583,0.13466
2584,0.13466
2585,0.13467
2586,0.13467
2587,0.13467
2588,0.13468
2589,0.13472
2590,0.13472
2591,0.13473
2592,0.13475
2593,0.13478
2594,0.13478
2595,0.13478
2596,0.13479
2597,0.1348
2598,0.13481
2599,0.13482
2600,0.13485
2601,0.13485
2602,0.13485
2603,0.13488
2604,0.13488
2605,0.13488
2606,0.13492
2607,0.13494
2608,0.13495
2609,0.13495
2610,0.13495
2611,0.13496
2612,0.13497
2613,0.13498
2614,0.13499
2615,0.13502
2616,0.13503
2617,0.13503
2618,0.13505
2619,0.13506
2620,0.13507
2621,0.13507
2622,0.13508
2623,0.13509
2624,0.13511
2625,0.13512
2626,0.13513
2627,0.13517
2628,0.13518
2629,0.13518
2630,0.13518
2631,0.13519
2632,0.13519
2633,0.13519
2634,0.1352
2635,0.13521
2636,0.13525
2637,0.13525
2638,0.13526
2639,0.13527
2640,0.13528
2641,0.1353
2642,0.13531
2643,0.13533
2644,0.13534
2645,0.13536
2646,0.13537
2647,0.13538
2648,0.13538
2649,0.13539
2650,0.13539
2651,0.13545
2652,0.13546
2653,0.13546
2654,0.13546
2655,0.13546
2656,0.13546
2657,0.13546
2658,0.13547
2659,0.13548
2660,0.13549
2661,0.1355
2662,0.1355
2663,0.13551
2664,0.13551
2665,0.13552
2666,0.13552
2667,0.13552
2668,0.13552
2669,0.13553
2670,0.13555
2671,0.13555
2672,0.13555
2673,0.13556
2674,0.13556
2675,0.13557
2676,0.13557
2677,0.13557
2678,0.13557
2679,0.13557
2680,0.13557
2681,0.13557
2682,0.13557
2683,0.13557
2684,0.13557
2685,0.13557
2686,0.13557
2687,0.13557
2688,0.13557
2689,0.13557
2690,0.13558
2691,0.13558
2692,0.1356
2693,0.1356
2694,0.1356
2695,0.1356
2696,0.13561
2697,0.13561
2698,0.13561
2699,0.13561
2700,0.13561
2701,0.13566
2702,0.13567
2703,0.13568
2704,0.13568
2705,0.13572
2706,0.13573
2707,0.13573
2708,0.13574
2709,0.13576
2710,0.13576
2711,0.13576
2712,0.13576
2713,0.13577
2714,0.13577
2715,0.13578
2716,0.13579
2717,0.1358
2718,0.1358
2719,0.13581
2720,0.13582
2721,0.13584
2722,0.13584
2723,0.13585
2724,0.13586
2725,0.13588
2726,0.13588
2727,0.13592
2728,0.13593
2729,0.13593
2730,0.13594
2731,0.13594
2732,0.13595
2733,0.13595
2734,0.13595
2735,0.13595
2736,0.13596
2737,0.13599
2738,0.136
2739,0.136
2740,0.13603
2741,0.13611
2742,0.13614
2743,0.13615
2744,0.13616
2745,0.13617
2746,0.13617
2747,0.13618
2748,0.13619
2749,0.1362
2750,0.13622
2751,0.13623
2752,0.13623
2753,0.13625
2754,0.13625
2755,0.13625
2756,0.1363
2757,0.13631
2758,0.13634
2759,0.13635
2760,0.13635
2761,0.13637
2762,0.13637
2763,0.13639
2764,0.13639
2765,0.1364
2766,0.1364
2767,0.13641
2768,0.13642
2769,0.13642
2770,0.13643
2771,0.13644
2772,0.13644
2773,0.13648
2774,0.13648
2775,0.13649
2776,0.13652
2777,0.13652
2778,0.13654
2779,0.13654
2780,0.13654
2781,0.13656
2782,0.13658
2783,0.13658
2784,0.13659
2785,0.13659
2786,0.1366
2787,0.1366
2788,0.13662
2789,0.13663
2790,0.13663
2791,0.13663
2792,0.13664
2793,0.13664
2794,0.13666
2795,0.13666
2796,0.13667
2797,0.13668
2798,0.13668
2799,0.13669
2800,0.13669
2801,0.1367
2802,0.1367
2803,0.1367
2804,0.1367
2805,0.13671
2806,0.13671
2807,0.13672
2808,0.13675
2809,0.13676
2810,0.13677
2811,0.13677
2812,0.13677
2813,0.13677
2814,0.13677
2815,0.13678
2816,0.13678
2817,0.1368
2818,0.13681
2819,0.13687
2820,0.13687
2821,0.13689
2822,0.13691
2823,0.13692
2824,0.13694
2825,0.13696
2826,0.13696
2827,0.13696
2828,0.137
2829,0.13701
2830,0.13704
2831,0.13706
2832,0.13706
2833,0.13707
2834,0.13707
2835,0.13708
2836,0.13709
2837,0.13711
2838,0.13713
2839,0.13715
2840,0.13715
2841,0.13716
2842,0.13716
2843,0.13718
2844,0.13718
2845,0.13719
2846,0.1372
2847,0.13722
2848,0.13722
2849,0.13728
2850,0.13729
2851,0.1373
2852,0.13731
2853,0.13732
2854,0.13733
2855,0.13736
2856,0.13737
2857,0.1374
2858,0.1374
2859,0.1374
2860,0.1374
2861,0.13741
2862,0.13741
2863,0.13743
2864,0.13747
2865,0.1375
2866,0.13751
2867,0.13752
2868,0.13752
2869,0.13752
2870,0.13753
2871,0.13755
2872,0.13757
2873,0.13757
2874,0.13757
2875,0.13757
2876,0.13757
2877,0.13757
2878,0.13757
2879,0.13757
2880,0.13759
2881,0.13762
2882,0.13762
2883,0.13764
2884,0.13766
2885,0.13766
2886,0.13771
2887,0.13774
2888,0.13774
2889,0.13776
2890,0.13778
2891,0.1378
2892,0.1378
2893,0.13782
2894,0.13783
2895,0.13785
2896,0.13785
2897,0.13786
2898,0.13786
2899,0.13786
2900,0.13788
2901,0.13789
2902,0.13791
2903,0.13794
2904,0.13794
2905,0.13794
2906,0.13795
2907,0.13795
2908,0.13796
2909,0.13797
2910,0.13797
2911,0.13797
2912,0.13797
2913,0.13797
2914,0.138
2915,0.13804
2916,0.13805
2917,0.13806
2918,0.13807
2919,0.13807
2920,0.13808
2921,0.1381
2922,0.1381
2923,0.13811
2924,0.13811
2925,0.13813
2926,0.13816
2927,0.13816
2928,0.13816
2929,0.13816
2930,0.13817
2931,0.13818
2932,0.13819
2933,0.1382
2934,0.13823
2935,0.13825
2936,0.13827
2937,0.13829
2938,0.13829
2939,0.1383
2940,0.13833
2941,0.13834
2942,0.13838
2943,0.13839
2944,0.13839
2945,0.13846
2946,0.13847
2947,0.13848
2948,0.13848
2949,0.13849
2950,0.1385
2951,0.13852
2952,0.13853
2953,0.13855
2954,0.13855
2955,0.13855
2956,0.13855
2957,0.13858
2958,0.13859
2959,0.13862
2960,0.13862
2961,0.13864
2962,0.13865
2963,0.13866
2964,0.13866
2965,0.13869
2966,0.13869
2967,0.13869
2968,0.1387
2969,0.13873
2970,0.13875
2971,0.13877
2972,0.13878
2973,0.13885
2974,0.13886
2975,0.13886
2976,0.13886
2977,0.13886
2978,0.13887
2979,0.13887
2980,0.13889
2981,0.13892
2982,0.13893
2983,0.13894
2984,0.13896
2985,0.13897
2986,0.13898
2987,0.13902
2988,0.13902
2989,0.13903
2990,0.13905
2991,0.13906
2992,0.13908
2993,0.13909
2994,0.1391
2995,0.1391
2996,0.13911
2997,0.13911
2998,0.13911
2999,0.13912
3000,0.13912
3001,0.13913
3002,0.13917
3003,0.13918
3004,0.13919
3005,0.13919
3006,0.13921
3007,0.13922
3008,0.13925
3009,0.13926
3010,0.13927
3011,0.13927
3012,0.13933
3013,0.13936
3014,0.13939
3015,0.13942
3016,0.13944
3017,0.13945
3018,0.13947
3019,0.13948
3020,0.13948
3021,0.13949
3022,0.13953
3023,0.13954
3024,0.13955
3025,0.13957
3026,0.13962
3027,0.13966
3028,0.13968
3029,0.13972
3030,0.13972
3031,0.13974
3032,0.1398
3033,0.13981
3034,0.13983
3035,0.13983
3036,0.13984
3037,0.13984
3038,0.13987
3039,0.1399
3040,0.13991
3041,0.13993
3042,0.13995
3043,0.13997
3044,0.13999
3045,0.14001
3046,0.14004
3047,0.14005
3048,0.14007
3049,0.14008
3050,0.14008
3051,0.1401
3052,0.14014
3053,0.14016
3054,0.14019
3055,0.14025
3056,0.14028
3057,0.14029
3058,0.14029
3059,0.1403
3060,0.1403
3061,0.1403
3062,0.1403
3063,0.14031
3064,0.14037
3065,0.14044
3066,0.14044
3067,0.14049
3068,0.14053
3069,0.14054
3070,0.14057
3071,0.14059
3072,0.1406
3073,0.14061
3074,0.14062
3075,0.14063
3076,0.14064
3077,0.14065
3078,0.1407
3079,0.14079
3080,0.14082
3081,0.14082
3082,0.14083
3083,0.14085
3084,0.14087
3085,0.14089
3086,0.14089
3087,0.14089
3088,0.14093
3089,0.14093
3090,0.14093
3091,0.14096
3092,0.141
3093,0.14102
3094,0.14102
3095,0.14103
3096,0.14103
3097,0.14104
3098,0.14105
3099,0.14107
3100,0.1411
3101,0.14111
3102,0.14112
3103,0.14115
3104,0.14118
3105,0.14118
3106,0.14119
3107,0.14121
3108,0.14125
3109,0.14125
3110,0.14125
3111,0.14125
3112,0.14125
3113,0.14128
3114,0.1413
3115,0.14133
3116,0.14134
3117,0.14138
3118,0.14139
3119,0.14139
3120,0.14145
3121,0.14149
3122,0.14149
3123,0.1415
3124,0.1415
3125,0.14155
3126,0.14155
3127,0.14159
3128,0.14161
3129,0.14164
3130,0.14167
3131,0.14168
3132,0.1418
3133,0.14185
3134,0.14186
3135,0.14189
3136,0.1419
3137,0.14191
3138,0.14192
3139,0.14193
3140,0.14194
3141,0.14194
3142,0.14202
3143,0.14205
3144,0.14205
3145,0.14205
3146,0.14206
3147,0.14207
3148,0.14208
3149,0.14211
3150,0.14211
3151,0.14217
3152,0.14217
3153,0.1422
3154,0.14221
3155,0.14223
3156,0.14223
3157,0.14224
3158,0.14224
3159,0.14225
3160,0.14227
3161,0.14229
3162,0.14229
3163,0.14229
3164,0.1423
3165,0.1423
3166,0.14232
3167,0.14233
3168,0.14238
3169,0.1424
3170,0.14242
3171,0.14243
3172,0.14244
3173,0.1425
3174,0.14253
3175,0.14254
3176,0.14254
3177,0.14257
3178,0.14258
3179,0.14259
3180,0.14263
3181,0.14264
3182,0.14268
3183,0.1427
3184,0.1427
3185,0.14272
3186,0.14273
3187,0.14275
3188,0.14277
3189,0.14278
3190,0.14283
3191,0.1429
3192,0.14292
3193,0.14295
3194,0.14299
3195,0.143
3196,0.14302
3197,0.14302
3198,0.14303
3199,0.14303
3200,0.14304
3201,0.14304
3202,0.14304
3203,0.14305
3204,0.14307
3205,0.14308
3206,0.14316
3207,0.1432
3208,0.1432
3209,0.1432
3210,0.1432
3211,0.14324
3212,0.14325
3213,0.14325
3214,0.14326
3215,0.14328
3216,0.14328
3217,0.14334
3218,0.14334
3219,0.14336
3220,0.14337
3221,0.14337
3222,0.14338
3223,0.14338
3224,0.14339
3225,0.14341
3226,0.14341
3227,0.14342
3228,0.14342
3229,0.14343
3230,0.14343
3231,0.14343
3232,0.14344
3233,0.14347
3234,0.14353
3235,0.14354
3236,0.14355
3237,0.14356
3238,0.14356
3239,0.14356
3240,0.14357
3241,0.14358
3242,0.14358
3243,0.14359
3244,0.1436
3245,0.14361
3246,0.14361
3247,0.14363
3248,0.14364
3249,0.14366
3250,0.14366
3251,0.14369
3252,0.14371
3253,0.14371
3254,0.14374
3255,0.14375
3256,0.14375
3257,0.14378
3258,0.1438
3259,0.14382
3260,0.14387
3261,0.14387
3262,0.14387
3263,0.14388
3264,0.14389
3265,0.1439
3266,0.14392
3267,0.14394
3268,0.14395
3269,0.14396
3270,0.14397
3271,0.14398
3272,0.14398
3273,0.144
3274,0.14404
3275,0.14404
3276,0.14406
3277,0.14407
3278,0.14412
3279,0.14412
3280,0.14413
3281,0.14414
3282,0.14415
3283,0.14416
3284,0.14416
3285,0.14417
3286,0.14419
3287,0.14419
3288,0.14421
3289,0.14421
3290,0.14422
3291,0.14423
3292,0.14424
3293,0.14424
3294,0.14424
3295,0.14426
3296,0.14427
3297,0.14427
3298,0.14428
3299,0.1443
3300,0.1443
3301,0.1443
3302,0.14431
3303,0.14434
3304,0.14434
3305,0.14435
3306,0.14436
3307,0.14439
3308,0.14439
3309,0.14439
3310,0.14439
3311,0.14441
3312,0.14441
3313,0.14449
3314,0.1445
3315,0.14451
3316,0.14453
3317,0.14454
3318,0.14456
3319,0.14459
3320,0.1446
3321,0.1446
3322,0.14461
3323,0.14464
3324,0.14466
3325,0.14468
3326,0.14468
3327,0.14468
3328,0.14469
3329,0.14469
3330,0.1447
3331,0.14473
3332,0.14473
3333,0.14473
3334,0.14473
3335,0.14479
3336,0.14479
3337,0.14479
3338,0.1448
3339,0.14482
3340,0.14488
3341,0.14489
3342,0.14492
3343,0.14492
3344,0.14494
3345,0.14494
3346,0.14495
3347,0.14496
3348,0.14498
3349,0.14499
3350,0.145
3351,0.14504
3352,0.14505
3353,0.14506
3354,0.14508
3355,0.14509
3356,0.1451
3357,0.14515
3358,0.14516
3359,0.14517
3360,0.14517
3361,0.14518
3362,0.14518
3363,0.14521
3364,0.14522
3365,0.14522
3366,0.14523
3367,0.14526
3368,0.14526
3369,0.14527
3370,0.14528
3371,0.1453
3372,0.14532
3373,0.14532
3374,0.14532
3375,0.14532
3376,0.14534
3377,0.14534
3378,0.14535
3379,0.14536
3380,0.14538
3381,0.14539
3382,0.14541
3383,0.14542
3384,0.14543
3385,0.14544
3386,0.14547
3387,0.14548
3388,0.14548
3389,0.14549
3390,0.1455
3391,0.1455
3392,0.14551
3393,0.14551
3394,0.14552
3395,0.14553
3396,0.14553
3397,0.14553
3398,0.14556
3399,0.14556
3400,0.14557
3401,0.14558
3402,0.14559
3403,0.14559
3404,0.1456
3405,0.1456
3406,0.14561
3407,0.14562
3408,0.14562
3409,0.14567
3410,0.14568
3411,0.14568
3412,0.14571
3413,0.14572
3414,0.14575
3415,0.14576
3416,0.14577
3417,0.14577
3418,0.1458
3419,0.14581
3420,0.14582
3421,0.14583
3422,0.14585
3423,0.14586
3424,0.14588
3425,0.14589
3426,0.1459
3427,0.14591
3428,0.14592
3429,0.14592
3430,0.14593
3431,0.14594
3432,0.14596
3433,0.14597
3434,0.14597
3435,0.14597
3436,0.14601
3437,0.14602
3438,0.14602
3439,0.14602
3440,0.14604
3441,0.14604
3442,0.14604
3443,0.14604
3444,0.14605
3445,0.14608
3446,0.14609
3447,0.14609
3448,0.1461
3449,0.1461
3450,0.14612
3451,0.14612
3452,0.14613
3453,0.14614
3454,0.14616
3455,0.14616
3456,0.14617
3457,0.14617
3458,0.14618
3459,0.14618
3460,0.14619
3461,0.1462
3462,0.14621
3463,0.14622
3464,0.14622
3465,0.14623
3466,0.14623
3467,0.14624
3468,0.14624
3469,0.14625
3470,0.14626
3471,0.14626
3472,0.14627
3473,0.14628
3474,0.14629
3475,0.1463
3476,0.14631
3477,0.14631
3478,0.14632
3479,0.14632
3480,0.14632
3481,0.14634
3482,0.14634
3483,0.14634
3484,0.14634
3485,0.14634
3486,0.14635
3487,0.14635
3488,0.14636
3489,0.14637
3490,0.14638
3491,0.14638
3492,0.14639
3493,0.14639
3494,0.1464
3495,0.14642
3496,0.14645
3497,0.14648
3498,0.14648
3499,0.14649
3500,0.14649
3501,0.14649
3502,0.1465
3503,0.14654
3504,0.14654
3505,0.14655
3506,0.14655
3507,0.14655
3508,0.14655
3509,0.14657
3510,0.14659
3511,0.14659
3512,0.14659
3513,0.14659
3514,0.14662
3515,0.14663
3516,0.14665
3517,0.14666
3518,0.14666
3519,0.14667
3520,0.14668
3521,0.14668
3522,0.14669
3523,0.1467
3524,0.14671
3525,0.14671
3526,0.14672
3527,0.14673
3528,0.14673
3529,0.14673
3530,0.14673
3531,0.14673
3532,0.14674
3533,0.14674
3534,0.14674
3535,0.14675
3536,0.14675
3537,0.14675
3538,0.14675
3539,0.14678
3540,0.14679
3541,0.14679
3542,0.14679
3543,0.1468
3544,0.1468
3545,0.14681
3546,0.14681
3547,0.14682
3548,0.14683
3549,0.14684
3550,0.14685
3551,0.14685
3552,0.14686
3553,0.14686
3554,0.14686
3555,0.14688
3556,0.14693
3557,0.14693
3558,0.14695
3559,0.14695
3560,0.14695
3561,0.14697
3562,0.14697
3563,0.14697
3564,0.14698
3565,0.14702
3566,0.14703
3567,0.14703
3568,0.14703
3569,0.14706
3570,0.14706
3571,0.14706
3572,0.14707
3573,0.14707
3574,0.14708
3575,0.14708
3576,0.14708
3577,0.14708
3578,0.14709
3579,0.1471
3580,0.14712
3581,0.14713
3582,0.14713
3583,0.14714
3584,0.14714
3585,0.14714
3586,0.14714
3587,0.14715
3588,0.14716
3589,0.14716
3590,0.14717
3591,0.14717
3592,0.14717
3593,0.14719
3594,0.14721
3595,0.14723
3596,0.14723
3597,0.14723
3598,0.14723
3599,0.14725
3600,0.14725
3601,0.14725
3602,0.14726
3603,0.14726
3604,0.14726
3605,0.14727
3606,0.14729
3607,0.14729
3608,0.1473
3609,0.14732
3610,0.14732
3611,0.14732
3612,0.14735
3613,0.14735
3614,0.14737
3615,0.14738
3616,0.14738
3617,0.14741
3618,0.14742
3619,0.14742
3620,0.14742
3621,0.14744
3622,0.14746
3623,0.14747
3624,0.14748
3625,0.14751
3626,0.14751
3627,0.14751
3628,0.14752
3629,0.14753
3630,0.14753
3631,0.14754
3632,0.14755
3633,0.14755
3634,0.14755
3635,0.14756
3636,0.14756
3637,0.14756
3638,0.14757
3639,0.14759
3640,0.14759
3641,0.14759
3642,0.14759
3643,0.14759
3644,0.14759
3645,0.1476
3646,0.14761
3647,0.14762
3648,0.14763
3649,0.14767
3650,0.14769
3651,0.14769
3652,0.14769
3653,0.14769
3654,0.14769
3655,0.14769
3656,0.14771
3657,0.14774
3658,0.14775
3659,0.14776
3660,0.14776
3661,0.14779
3662,0.1478
3663,0.1478
3664,0.1478
3665,0.14781
3666,0.14782
3667,0.14782
3668,0.14782
3669,0.14783
3670,0.14784
3671,0.14784
3672,0.14785
3673,0.14786
3674,0.14786
3675,0.14786
3676,0.14789
3677,0.14789
3678,0.14789
3679,0.1479
3680,0.1479
3681,0.1479
3682,0.1479
3683,0.14791
3684,0.14791
3685,0.14791
3686,0.14792
3687,0.14792
3688,0.14792
3689,0.14794
3690,0.14794
3691,0.14794
3692,0.14794
3693,0.14795
3694,0.14795
3695,0.14795
3696,0.14796
3697,0.14796
3698,0.14796
3699,0.14796
3700,0.14797
3701,0.14797
3702,0.148
3703,0.14802
3704,0.14802
3705,0.14803
3706,0.14804
3707,0.14805
3708,0.14805
3709,0.14806
3710,0.14806
3711,0.14808
3712,0.14808
3713,0.14812
3714,0.14812
3715,0.14812
3716,0.14813
3717,0.14813
3718,0.14813
3719,0.14816
3720,0.14816
3721,0.14818
3722,0.14818
3723,0.14819
3724,0.14819
3725,0.14823
3726,0.14824
3727,0.14824
3728,0.14824
3729,0.14825
3730,0.14826
3731,0.14827
3732,0.14829
3733,0.1483
3734,0.14832
3735,0.14833
3736,0.14833
3737,0.14833
3738,0.14834
3739,0.14835
3740,0.14836
3741,0.14836
3742,0.14837
3743,0.14838
3744,0.14838
3745,0.14838
3746,0.14839
3747,0.14839
3748,0.14841
3749,0.14841
3750,0.14842
3751,0.14843
3752,0.14846
3753,0.14847
3754,0.14847
3755,0.14848
3756,0.14851
3757,0.14852
3758,0.14852
3759,0.14854
3760,0.14855
3761,0.14856
3762,0.14856
3763,0.14857
3764,0.14858
3765,0.14859
3766,0.14859
3767,0.14861
3768,0.14862
3769,0.14863
3770,0.14864
3771,0.14864
3772,0.14865
3773,0.14866
3774,0.14867
3775,0.14867
3776,0.14868
3777,0.14868
3778,0.1487
3779,0.14873
3780,0.14875
3781,0.14875
3782,0.14875
3783,0.14875
3784,0.14875
3785,0.14876
3786,0.14876
3787,0.14876
3788,0.14877
3789,0.14878
3790,0.14879
3791,0.1488
3792,0.14882
3793,0.14883
3794,0.14883
3795,0.14884
3796,0.14884
3797,0.14884
3798,0.14885
3799,0.14887
3800,0.14888
3801,0.14889
3802,0.1489
3803,0.14892
3804,0.14893
3805,0.14894
3806,0.14895
3807,0.14903
3808,0.14903
3809,0.14903
3810,0.14905
3811,0.14905
3812,0.14905
3813,0.14909
3814,0.14909
3815,0.14912
3816,0.14913
3817,0.14917
3818,0.14918
3819,0.14918
3820,0.14919
3821,0.14921
3822,0.14921
3823,0.14921
3824,0.14923
3825,0.14923
3826,0.14927
3827,0.14927
3828,0.14928
3829,0.14929
3830,0.14929
3831,0.1493
3832,0.14931
3833,0.14933
3834,0.14933
3835,0.14935
3836,0.14936
3837,0.14936
3838,0.14939
3839,0.14939
3840,0.1494
3841,0.1494
3842,0.14941
3843,0.14944
3844,0.14945
3845,0.14945
3846,0.14945
3847,0.14946
3848,0.14946
3849,0.14946
3850,0.14947
3851,0.14948
3852,0.1495
3853,0.14952
3854,0.14954
3855,0.14954
3856,0.14954
3857,0.14954
3858,0.14955
3859,0.14957
3860,0.14959
3861,0.1496
3862,0.14962
3863,0.14962
3864,0.14962
3865,0.14964
3866,0.14964
3867,0.14965
3868,0.14965
3869,0.14965
3870,0.14966
3871,0.14966
3872,0.14966
3873,0.14967
3874,0.14968
3875,0.14968
3876,0.14971
3877,0.14973
3878,0.14973
3879,0.14974
3880,0.14974
3881,0.14975
3882,0.14975
3883,0.14977
3884,0.14978
3885,0.14981
3886,0.14981
3887,0.14983
3888,0.14984
3889,0.14984
3890,0.14985
3891,0.14985
3892,0.14985
3893,0.14985
3894,0.14985
3895,0.14986
3896,0.14986
3897,0.14987
3898,0.14988
3899,0.14989
3900,0.1499
3901,0.1499
3902,0.14991
3903,0.14992
3904,0.14992
3905,0.14994
3906,0.14995
3907,0.14995
3908,0.14996
3909,0.14996
3910,0.14997
3911,0.14998
3912,0.15001
3913,0.15001
3914,0.15001
3915,0.15001
3916,0.15001
3917,0.15001
3918,0.15001
3919,0.15001
3920,0.15001
3921,0.15001
3922,0.15001
3923,0.15001
3924,0.15001
3925,0.15001
3926,0.15001
3927,0.15001
3928,0.15001
3929,0.15004
3930,0.15006
3931,0.15006
3932,0.15006
3933,0.15007
3934,0.15009
3935,0.15009
3936,0.15009
3937,0.15009
3938,0.1501
3939,0.15011
3940,0.15011
3941,0.15011
3942,0.15012
3943,0.15014
3944,0.15015
3945,0.15016
3946,0.15017
3947,0.15017
3948,0.15018
3949,0.15018
3950,0.15018
3951,0.15019
3952,0.15019
3953,0.15019
3954,0.1502
3955,0.1502
3956,0.15021
3957,0.15021
3958,0.15022
3959,0.15024
3960,0.15025
3961,0.15027
3962,0.15027
3963,0.15029
3964,0.15029
3965,0.1503
3966,0.15031
3967,0.15031
3968,0.15035
3969,0.15037
3970,0.15038
3971,0.15038
3972,0.15038
3973,0.15041
3974,0.15041
3975,0.15044
3976,0.15048
3977,0.15048
3978,0.15048
3979,0.15049
3980,0.15051
3981,0.15051
3982,0.15054
3983,0.15054
3984,0.1506
3985,0.15062
3986,0.15062
3987,0.15063
3988,0.15065
3989,0.15065
3990,0.15066
3991,0.15066
3992,0.15067
3993,0.15067
3994,0.15073
3995,0.15073
3996,0.15073
3997,0.15074
3998,0.15075
3999,0.15076
4000,0.15076
4001,0.15076
4002,0.15078
4003,0.15078
4004,0.15078
4005,0.15079
4006,0.15079
4007,0.15079
4008,0.1508
4009,0.15081
4010,0.15082
4011,0.15082
4012,0.15084
4013,0.15085
4014,0.15085
4015,0.15086
4016,0.15087
4017,0.15088
4018,0.15089
4019,0.1509
4020,0.15091
4021,0.15092
4022,0.15092
4023,0.15093
4024,0.15093
4025,0.15094
4026,0.15094
4027,0.15094
4028,0.15095
4029,0.15095
4030,0.15095
4031,0.15095
4032,0.15096
4033,0.15097
4034,0.15097
4035,0.15102
4036,0.15103
4037,0.15103
4038,0.15104
4039,0.15105
4040,0.15107
4041,0.15107
4042,0.15108
4043,0.15109
4044,0.15109
4045,0.1511
4046,0.1511
4047,0.15113
4048,0.15113
4049,0.15115
4050,0.15115
4051,0.15119
4052,0.15119
4053,0.15123
4054,0.15123
4055,0.15129
4056,0.1513
4057,0.1513
4058,0.1513
4059,0.1513
4060,0.1513
4061,0.1513
4062,0.15132
4063,0.15133
4064,0.15136
4065,0.15136
4066,0.15137
4067,0.15137
4068,0.15137
4069,0.15138
4070,0.15139
4071,0.1514
4072,0.15142
4073,0.15144
4074,0.15144
4075,0.15146
4076,0.15152
4077,0.15153
4078,0.15153
4079,0.15154
4080,0.15154
4081,0.15158
4082,0.1516
4083,0.15161
4084,0.15163
4085,0.15165
4086,0.15166
4087,0.15166
4088,0.15167
4089,0.15167
4090,0.15168
4091,0.15169
4092,0.15169
4093,0.15172
4094,0.15174
4095,0.15175
4096,0.15177
4097,0.15179
4098,0.1518
4099,0.1518
4100,0.15182
4101,0.15182
4102,0.15185
4103,0.15186
4104,0.15187
4105,0.15187
4106,0.15187
4107,0.15187
4108,0.15193
4109,0.15195
4110,0.15195
4111,0.15197
4112,0.152
4113,0.15202
4114,0.15202
4115,0.15203
4116,0.15203
4117,0.15205
4118,0.15206
4119,0.15207
4120,0.15209
4121,0.1521
4122,0.1521
4123,0.1521
4124,0.15216
4125,0.15227
4126,0.15227
4127,0.1523
4128,0.1523
4129,0.15234
4130,0.15235
4131,0.15235
4132,0.15236
4133,0.15247
4134,0.15259
4135,0.15263
4136,0.15263
4137,0.15264
4138,0.15265
4139,0.15273
4140,0.15274
4141,0.15274
4142,0.15277
4143,0.15278
4144,0.15279
4145,0.15284
4146,0.15284
4147,0.15285
4148,0.15285
4149,0.15286
4150,0.15286
4151,0.15287
4152,0.1529
4153,0.15293
4154,0.15294
4155,0.15303
4156,0.15304
4157,0.15304
4158,0.15304
4159,0.15304
4160,0.15315
4161,0.15318
4162,0.15319
4163,0.15321
4164,0.15322
4165,0.15323
4166,0.15326
4167,0.15329
4168,0.15337
4169,0.15337
4170,0.15338
4171,0.15342
4172,0.15344
4173,0.15347
4174,0.15351
4175,0.15358
4176,0.1536
4177,0.15363
4178,0.15363
4179,0.15367
4180,0.15367
4181,0.15368
4182,0.15369
4183,0.15369
4184,0.15369
4185,0.1537
4186,0.15372
4187,0.15373
4188,0.15373
4189,0.15374
4190,0.15374
4191,0.15374
4192,0.15376
4193,0.15379
4194,0.15379
4195,0.15393
4196,0.15395
4197,0.15395
4198,0.15396
4199,0.15398
4200,0.15399
4201,0.15401
4202,0.15403
4203,0.15405
4204,0.15413
4205,0.15413
4206,0.15415
4207,0.15415
4208,0.15415
4209,0.15416
4210,0.15416
4211,0.15416
4212,0.15416
4213,0.1542
4214,0.1542
4215,0.1542
4216,0.15422
4217,0.15424
4218,0.15428
4219,0.15428
4220,0.15428
4221,0.15428
4222,0.15431
4223,0.15433
4224,0.15434
4225,0.15437
4226,0.15441
4227,0.15443
4228,0.15445
4229,0.15456
4230,0.15458
4231,0.15463
4232,0.15466
4233,0.15468
4234,0.15473
4235,0.15475
4236,0.15481
4237,0.15481
4238,0.15483
4239,0.15483
4240,0.15484
4241,0.1549
4242,0.15492
4243,0.15499
4244,0.15503
4245,0.15505
4246,0.15511
4247,0.15517
4248,0.15526
4249,0.15526
4250,0.15527
4251,0.15532
4252,0.15534
4253,0.15535
4254,0.15539
4255,0.15546
4256,0.15549
4257,0.15553
4258,0.15558
4259,0.15561
4260,0.15569
4261,0.15569
4262,0.15572
4263,0.15572
4264,0.15576
4265,0.15579
4266,0.1558
4267,0.15584
4268,0.15596
4269,0.15601
4270,0.15602
4271,0.15613
4272,0.1562
4273,0.15621
4274,0.15628
4275,0.15628
4276,0.1563
4277,0.15638
4278,0.15659
4279,0.15664
4280,0.15665
4281,0.15666
4282,0.15672
4283,0.15676
4284,0.15681
4285,0.1569
4286,0.15692
4287,0.15694
4288,0.15696
4289,0.15699
4290,0.15706
4291,0.15711
4292,0.15713
4293,0.15713
4294,0.15713
4295,0.15713
4296,0.15713
4297,0.15723
4298,0.15725
4299,0.15729
4300,0.15732
4301,0.15736
4302,0.15737
4303,0.15738
4304,0.15739
4305,0.15745
4306,0.1575
4307,0.15761
4308,0.15761
4309,0.15766
4310,0.15768
4311,0.15772
4312,0.1579
4313,0.15792
4314,0.15792
4315,0.15792
4316,0.15807
4317,0.15817
4318,0.15817
4319,0.15821
4320,0.15821
4321,0.15825
4322,0.15825
4323,0.15828
4324,0.15836
4325,0.1584
4326,0.15845
4327,0.15845
4328,0.15851
4329,0.15852
4330,0.15855
4331,0.15863
4332,0.15871
4333,0.15883
4334,0.15885
4335,0.1589
4336,0.1589
4337,0.15901
4338,0.15903
4339,0.15906
4340,0.15907
4341,0.15911
4342,0.15916
4343,0.15918
4344,0.15919
4345,0.15919
4346,0.15935
4347,0.15947
4348,0.15949
4349,0.15961
4350,0.15963
4351,0.15969
4352,0.15971
4353,0.1598
4354,0.15992
4355,0.15996
4356,0.15996
4357,0.15997
4358,0.16002
4359,0.16007
4360,0.16014
4361,0.16016
4362,0.16021
4363,0.16024
4364,0.16027
4365,0.16041
4366,0.1605
4367,0.16051
4368,0.16059
4369,0.16061
4370,0.16061
4371,0.16061
4372,0.16061
4373,0.16067
4374,0.16071
4375,0.16072
4376,0.16072
4377,0.1608
4378,0.1608
4379,0.16088
4380,0.16091
4381,0.16093
4382,0.16096
4383,0.16096
4384,0.16096
4385,0.16096
4386,0.16096
4387,0.16104
4388,0.16106
4389,0.16109
4390,0.1611
4391,0.16111
4392,0.16114
4393,0.16119
4394,0.16119
4395,0.16123
4396,0.16123
4397,0.16132
4398,0.16133
4399,0.16135
4400,0.16135
4401,0.16141
4402,0.16148
4403,0.16152
4404,0.16155
4405,0.16157
4406,0.1616
4407,0.16166
4408,0.16166
4409,0.16166
4410,0.16166
4411,0.16178
4412,0.1618
4413,0.16181
4414,0.16184
4415,0.16201
4416,0.16208
4417,0.16209
4418,0.16215
4419,0.16218
4420,0.16227
4421,0.16227
4422,0.16232
4423,0.16239
4424,0.16241
4425,0.16245
4426,0.16246
4427,0.16253
4428,0.16263
4429,0.16265
4430,0.16273
4431,0.16275
4432,0.16277
4433,0.16282
4434,0.16286
4435,0.16288
4436,0.16289
4437,0.16293
4438,0.16293
4439,0.16294
4440,0.16295
4441,0.16296
4442,0.16297
4443,0.163
4444,0.16303
4445,0.16307
4446,0.16311
4447,0.16317
4448,0.16324
4449,0.16331
4450,0.16335
4451,0.16338
4452,0.16343
4453,0.16344
4454,0.16347
4455,0.16351
4456,0.16351
4457,0.16354
4458,0.16354
4459,0.16357
4460,0.16358
4461,0.16371
4462,0.16377
4463,0.16381
4464,0.16389
4465,0.1639
4466,0.16392
4467,0.16397
4468,0.16399
4469,0.16401
4470,0.16401
4471,0.16415
4472,0.16425
4473,0.16436
4474,0.1644
4475,0.16444
4476,0.16444
4477,0.16445
4478,0.16451
4479,0.16454
4480,0.16455
4481,0.16459
4482,0.16459
4483,0.16459
4484,0.16459
4485,0.16464
4486,0.16464
4487,0.16467
4488,0.16468
4489,0.1647
4490,0.16471
4491,0.16472
4492,0.16472
4493,0.16472
4494,0.16483
4495,0.16487
4496,0.16491
4497,0.16497
4498,0.16498
4499,0.165
4500,0.16502
4501,0.16503
4502,0.16508
4503,0.16509
4504,0.16509
4505,0.16509
4506,0.16509
4507,0.16509
4508,0.16509
4509,0.16509
4510,0.16513
4511,0.16513
4512,0.16522
4513,0.16524
4514,0.16526
4515,0.16529
4516,0.16531
4517,0.16531
4518,0.16531
4519,0.16531
4520,0.16544
4521,0.16571
4522,0.166
4523,0.1661
4524,0.16617
4525,0.16619
4526,0.16625
4527,0.16638
4528,0.16644
4529,0.1665
4530,0.16653
4531,0.16662
4532,0.16664
4533,0.16666
4534,0.16675
4535,0.16678
4536,0.16679
4537,0.16681
4538,0.16682
4539,0.16682
4540,0.16683
4541,0.16683
4542,0.16684
4543,0.16684
4544,0.16685
4545,0.16685
4546,0.16687
4547,0.16687
4548,0.16687
4549,0.16687
4550,0.16687
4551,0.16688
4552,0.16688
4553,0.16689
4554,0.16689
4555,0.16689
4556,0.1669
4557,0.16691
4558,0.16691
4559,0.16691
4560,0.16692
4561,0.16692
4562,0.16692
4563,0.16692
4564,0.16692
4565,0.16693
4566,0.16693
4567,0.16693
4568,0.16693
4569,0.16694
4570,0.16694
4571,0.16694
4572,0.16694
4573,0.16694
4574,0.16694
4575,0.16694
4576,0.16694
4577,0.16694
4578,0.16694
4579,0.16695
4580,0.16695
4581,0.16695
4582,0.16696
4583,0.16696
4584,0.16696
4585,0.16696
4586,0.16697
4587,0.16697
4588,0.16698
4589,0.16698
4590,0.16698
4591,0.16699
4592,0.16699
4593,0.16699
4594,0.167
4595,0.167
4596,0.167
4597,0.167
4598,0.167
4599,0.167
4600,0.16701
4601,0.16701
4602,0.16701
4603,0.16701
4604,0.16701
4605,0.16701
4606,0.16701
4607,0.16701
4608,0.16701
4609,0.16701
4610,0.16701
4611,0.16702
4612,0.16702
4613,0.16702
4614,0.16702
4615,0.16703
4616,0.16703
4617,0.16703
4618,0.16704
4619,0.16704
4620,0.16704
4621,0.16704
4622,0.16704
4623,0.16705
4624,0.16705
4625,0.16705
4626,0.16705
4627,0.16705
4628,0.16705
4629,0.16706
4630,0.16706
4631,0.16706
4632,0.16706
4633,0.16706
4634,0.16706
4635,0.16707
4636,0.16707
4637,0.16707
4638,0.16707
4639,0.16707
4640,0.16707
4641,0.16707
4642,0.16707
4643,0.16707
4644,0.16708
4645,0.16708
4646,0.16708
4647,0.16708
4648,0.16708
4649,0.16708
4650,0.16708
4651,0.16708
4652,0.16708
4653,0.16708
4654,0.16709
4655,0.16709
4656,0.16709
4657,0.16709
4658,0.16709
4659,0.16709
4660,0.16709
4661,0.1671
4662,0.1671
4663,0.1671
4664,0.1671
4665,0.1671
4666,0.1671
4667,0.1671
4668,0.16711
4669,0.16711
4670,0.16712
4671,0.16712
4672,0.16712
4673,0.16712
4674,0.16712
4675,0.16712
4676,0.16713
4677,0.16713
4678,0.16714
4679,0.16714
4680,0.16714
4681,0.16714
4682,0.16714
4683,0.16714
4684,0.16714
4685,0.16715
4686,0.16715
4687,0.16716
4688,0.16716
4689,0.16716
4690,0.16716
4691,0.16716
4692,0.16716
4693,0.16717
4694,0.16717
4695,0.16717
4696,0.16718
4697,0.16718
4698,0.16723
4699,0.16723
4700,0.16724
4701,0.16724
4702,0.16726
4703,0.16727
4704,0.16732
4705,0.16738
4706,0.1674
4707,0.16743
4708,0.16749
4709,0.16749
4710,0.16758
4711,0.16763
4712,0.16765
4713,0.16775
4714,0.16777
4715,0.16778
4716,0.16779
4717,0.168
4718,0.16813
4719,0.16816
4720,0.1682
4721,0.1682
4722,0.16822
4723,0.16838
4724,0.16839
4725,0.16841
4726,0.16844
4727,0.16844
4728,0.1685
4729,0.1686
4730,0.16863
4731,0.16876
4732,0.1688
4733,0.1688
4734,0.1688
4735,0.16884
4736,0.16884
4737,0.16888
4738,0.169
4739,0.16901
4740,0.16903
4741,0.16903
4742,0.16907
4743,0.16917
4744,0.16929
4745,0.16929
4746,0.16935
4747,0.16937
4748,0.1694
4749,0.16952
4750,0.16953
4751,0.16957
4752,0.16963
4753,0.16973
4754,0.16976
4755,0.16981
4756,0.16982
4757,0.16984
4758,0.16989
4759,0.16991
4760,0.16994
4761,0.16998
4762,0.17001
4763,0.17004
4764,0.17007
4765,0.17014
4766,0.17016
4767,0.17021
4768,0.17022
4769,0.17031
4770,0.17033
4771,0.17034
4772,0.17035
4773,0.17044
4774,0.17052
4775,0.17053
4776,0.17063
4777,0.17065
4778,0.17067
4779,0.17068
4780,0.17069
4781,0.1708
4782,0.17084
4783,0.17084
4784,0.17097
4785,0.17111
4786,0.17111
4787,0.17112
4788,0.17119
4789,0.17124
4790,0.17132
4791,0.17144
4792,0.17145
4793,0.1715
4794,0.17152
4795,0.17154
4796,0.17154
4797,0.17154
4798,0.17155
4799,0.17161
4800,0.17162
4801,0.17162
4802,0.17165
4803,0.17172
4804,0.1719
4805,0.17198
4806,0.17199
4807,0.17205
4808,0.17206
4809,0.17211
4810,0.17214
4811,0.17214
4812,0.17215
4813,0.17222
4814,0.17226
4815,0.17227
4816,0.17241
4817,0.17251
4818,0.17253
4819,0.17256
4820,0.17265
4821,0.17267
4822,0.17275
4823,0.17278
4824,0.17288
4825,0.17295
4826,0.17298
4827,0.17302
4828,0.17305
4829,0.17323
4830,0.17324
4831,0.17332
4832,0.17347
4833,0.17356
4834,0.17358
4835,0.17363
4836,0.17369
4837,0.17376
4838,0.17378
4839,0.17381
4840,0.17386
4841,0.17389
4842,0.174
4843,0.174
4844,0.17401
4845,0.17404
4846,0.17408
4847,0.17409
4848,0.17409
4849,0.17409
4850,0.17409
4851,0.1741
4852,0.17416
4853,0.17417
4854,0.17417
4855,0.17417
4856,0.17419
4857,0.1743
4858,0.17431
4859,0.17443
4860,0.17443
4861,0.17447
4862,0.17454
4863,0.17457
4864,0.17459
4865,0.17459
4866,0.17464
4867,0.17467
4868,0.17472
4869,0.17476
4870,0.17477
4871,0.17499
4872,0.17499
4873,0.17506
4874,0.17509
4875,0.17533
4876,0.17533
4877,0.17533
4878,0.17533
4879,0.17533
4880,0.17533
4881,0.17533
4882,0.1754
4883,0.17567
4884,0.17572
4885,0.17599
4886,0.17601
4887,0.17604
4888,0.17612
4889,0.17619
4890,0.17621
4891,0.17623
4892,0.17623
4893,0.17626
4894,0.17639
4895,0.17641
4896,0.17655
4897,0.17656
4898,0.17663
4899,0.17668
4900,0.17669
4901,0.17682
4902,0.17684
4903,0.17684
4904,0.17695
4905,0.177
4906,0.17709
4907,0.17733
4908,0.1774
4909,0.17742
4910,0.17744
4911,0.17748
4912,0.17756
4913,0.1776
4914,0.17786
4915,0.17787
4916,0.17796
4917,0.17824
4918,0.17838
4919,0.17853
4920,0.1786
4921,0.17882
4922,0.17891
4923,0.17893
4924,0.17909
4925,0.17913
4926,0.17917
4927,0.1793
4928,0.17952
4929,0.17953
4930,0.17963
4931,0.17978
4932,0.17981
4933,0.17997
4934,0.17997
4935,0.18001
4936,0.18009
4937,0.18015
4938,0.18021
4939,0.18035
4940,0.18044
4941,0.18052
4942,0.18058
4943,0.18074
4944,0.18077
4945,0.18081
4946,0.18082
4947,0.18082
4948,0.18083
4949,0.18086
4950,0.18086
4951,0.18093
4952,0.18093
4953,0.18099
4954,0.18104
4955,0.18109
4956,0.18124
4957,0.18141
4958,0.18145
4959,0.18154
4960,0.18158
4961,0.18158
4962,0.18165
4963,0.18186
4964,0.18188
4965,0.1819
4966,0.18222
4967,0.18243
4968,0.18276
4969,0.18294
4970,0.18305
4971,0.18307
4972,0.18316
4973,0.1832
4974,0.1832
4975,0.1834
4976,0.18357
4977,0.18361
4978,0.18362
4979,0.18376
4980,0.18378
4981,0.18387
4982,0.18394
4983,0.18396
4984,0.18406
4985,0.1841
4986,0.18421
4987,0.18473
4988,0.18475
4989,0.1848
4990,0.18506
4991,0.1852
4992,0.18524
4993,0.18526
4994,0.18531
4995,0.18532
4996,0.18538
4997,0.18547
4998,0.18549
4999,0.18565
5000,0.18567
5001,0.18589
5002,0.18595
5003,0.18613
5004,0.18615
5005,0.1862
5006,0.1862
5007,0.18621
5008,0.18647
5009,0.18647
5010,0.18647
5011,0.18647
5012,0.18647
5013,0.18661
5014,0.18664
5015,0.18677
5016,0.18677
5017,0.18681
5018,0.18684
5019,0.18687
5020,0.18694
5021,0.18715
5022,0.18718
5023,0.18737
5024,0.1875
5025,0.18752
5026,0.18758
5027,0.18773
5028,0.18792
5029,0.18798
5030,0.1881
5031,0.18819
5032,0.18822
5033,0.18851
5034,0.18878
5035,0.18909
5036,0.18914
5037,0.18936
5038,0.18939
5039,0.1896
5040,0.18967
5041,0.18967
5042,0.19026
5043,0.19052
5044,0.19057
5045,0.19073
5046,0.19099
5047,0.19109
5048,0.19111
5049,0.19111
5050,0.19113
5051,0.19117
5052,0.19123
5053,0.19126
5054,0.1913
5055,0.19132
5056,0.19142
5057,0.19154
5058,0.19168
5059,0.19174
5060,0.19181
5061,0.19212
5062,0.19235
5063,0.19246
5064,0.19252
5065,0.19254
5066,0.19256
5067,0.19261
5068,0.19272
5069,0.19295
5070,0.19301
5071,0.1931
5072,0.19326
5073,0.19331
5074,0.19348
5075,0.19381
5076,0.19397
5077,0.19408
5078,0.19409
5079,0.19416
5080,0.19419
5081,0.19433
5082,0.19453
5083,0.19467
5084,0.19472
5085,0.19472
5086,0.19477
5087,0.19495
5088,0.19519
5089,0.19523
5090,0.19525
5091,0.19539
5092,0.19551
5093,0.19594
5094,0.196
5095,0.19603
5096,0.19604
5097,0.19607
5098,0.19609
5099,0.19613
5100,0.1963
5101,0.19643
5102,0.19648
5103,0.19655
5104,0.19718
5105,0.19719
5106,0.19721
5107,0.19734
5108,0.19777
5109,0.19788
5110,0.19795
5111,0.19811
5112,0.1983
5113,0.19855
5114,0.19856
5115,0.19872
5116,0.19892
5117,0.1991
5118,0.19925
5119,0.19927
5120,0.19977
5121,0.19978
5122,0.2002
5123,0.20062
5124,0.20097
5125,0.20099
5126,0.20106
5127,0.20109
5128,0.20112
5129,0.20117
5130,0.20118
5131,0.20124
5132,0.20137
5133,0.20137
5134,0.20145
5135,0.20156
5136,0.20172
5137,0.20172
5138,0.20186
5139,0.20207
5140,0.20209
5141,0.20224
5142,0.20226
5143,0.20297
5144,0.20303
5145,0.2032
5146,0.20381
5147,0.20418
5148,0.20418
5149,0.20441
5150,0.20448
5151,0.20462
5152,0.20519
5153,0.20532
5154,0.20537
5155,0.2057
5156,0.2059
5157,0.20603
5158,0.20617
5159,0.20617
5160,0.20618
5161,0.20645
5162,0.20648
5163,0.20648
5164,0.2068
5165,0.20694
5166,0.20696
5167,0.20705
5168,0.2073
5169,0.20738
5170,0.2075
5171,0.20756
5172,0.20778
5173,0.20778
5174,0.20787
5175,0.20791
5176,0.208
5177,0.20838
5178,0.20863
5179,0.20917
5180,0.2092
5181,0.20941
5182,0.20968
5183,0.21004
5184,0.21039
5185,0.21115
5186,0.21166
5187,0.21173
5188,0.21198
5189,0.21204
5190,0.2123
5191,0.21254
5192,0.21255
5193,0.21264
5194,0.21344
5195,0.21417
5196,0.21439
5197,0.21463
5198,0.21475
5199,0.215
5200,0.21511
5201,0.21535
5202,0.21535
5203,0.21535
5204,0.21535
5205,0.21535
5206,0.21535
5207,0.21554
5208,0.21555
5209,0.21583
5210,0.21584
5211,0.21639
5212,0.21693
5213,0.21709
5214,0.2171
5215,0.21742
5216,0.21743
5217,0.21765
5218,0.21798
5219,0.21798
5220,0.21805
5221,0.21829
5222,0.21833
5223,0.21836
5224,0.21886
5225,0.21914
5226,0.21934
5227,0.21947
5228,0.21972
5229,0.21978
5230,0.21984
5231,0.21995
5232,0.22037
5233,0.22044
5234,0.22044
5235,0.22044
5236,0.22044
5237,0.22044
5238,0.22044
5239,0.22044
5240,0.22044
5241,0.22044
5242,0.22044
5243,0.22044
5244,0.22044
5245,0.22044
5246,0.22044
5247,0.22044
5248,0.22044
5249,0.22044
5250,0.22044
5251,0.22044
5252,0.22044
5253,0.22044
5254,0.22044
5255,0.22044
5256,0.22044
5257,0.22065
5258,0.22071
5259,0.22082
5260,0.22103
5261,0.22137
5262,0.2221
5263,0.22237
5264,0.22241
5265,0.223
5266,0.22325
5267,0.22336
5268,0.2243
5269,0.2243
5270,0.22489
5271,0.2252
5272,0.22544
5273,0.22565
5274,0.22628
5275,0.22628
5276,0.22628
5277,0.22628
5278,0.22628
5279,0.22628
5280,0.22628
5281,0.22628
5282,0.22628
5283,0.22628
5284,0.22628
5285,0.22628
5286,0.22628
5287,0.22628
5288,0.22628
5289,0.22628
5290,0.22628
5291,0.22647
5292,0.22652
5293,0.22657
5294,0.22705
5295,0.22734
5296,0.22755
5297,0.22797
5298,0.22797
5299,0.22797
5300,0.22797
5301,0.22797
5302,0.22797
5303,0.22797
5304,0.22797
5305,0.22797
5306,0.22797
5307,0.22797
5308,0.22812
5309,0.22851
5310,0.22908
5311,0.2291
5312,0.22914
5313,0.22948
5314,0.23018
5315,0.23085
5316,0.23142
5317,0.23147
5318,0.23147
5319,0.23147
5320,0.23193
5321,0.23255
5322,0.23289
5323,0.23351
5324,0.23391
5325,0.23404
5326,0.23421
5327,0.23462
5328,0.23482
5329,0.23484
5330,0.23592
5331,0.23634
5332,0.23677
5333,0.2375
5334,0.23777
5335,0.23941
5336,0.23943
5337,0.23976
5338,0.24058
5339,0.24219
5340,0.24244
5341,0.24282
5342,0.24289
5343,0.24445
5344,0.24535
5345,0.24705
5346,0.24735
5347,0.24791
5348,0.2484
5349,0.24904
5350,0.24943
5351,0.25063
5352,0.25179
5353,0.25208
5354,0.25441
5355,0.25467
5356,0.2547
5357,0.25476
5358,0.25476
5359,0.25476
5360,0.25529
5361,0.25689
5362,0.25779
5363,0.25917
5364,0.26046
5365,0.26181
5366,0.26227
5367,0.265
5368,0.26651
5369,0.26659
5370,0.26921
5371,0.27026
5372,0.27071
5373,0.2708
5374,0.27107
5375,0.2716
5376,0.27265
5377,0.27316
5378,0.27485
5379,0.27511
5380,0.27588
5381,0.27651
5382,0.27899
5383,0.27957
5384,0.28119
5385,0.2817
5386,0.28185
5387,0.28301
5388,0.28308
5389,0.28316
5390,0.28442
5391,0.28586
5392,0.28656
5393,0.28735
5394,0.2899
5395,0.28995
5396,0.29009
5397,0.29117
5398,0.29117
5399,0.29117
5400,0.29117
5401,0.29117
5402,0.29143
5403,0.29177
5404,0.29235
5405,0.29294
5406,0.29563
5407,0.29884
5408,0.30034
5409,0.30193
5410,0.3056
5411,0.30766
5412,0.30883
5413,0.31048
5414,0.31059
5415,0.31085
5416,0.31142
5417,0.31202
5418,0.31449
5419,0.31905
5420,0.32178
5421,0.32231
5422,0.32266
5423,0.32354
5424,0.32585
5425,0.3263
5426,0.32778
5427,0.32871
5428,0.33148
5429,0.33152
5430,0.33186
5431,0.33365
5432,0.33396
5433,0.33458
5434,0.3356
5435,0.33561
5436,0.3358
5437,0.33805
5438,0.33944
5439,0.33983
5440,0.34002
5441,0.34002
5442,0.34031
5443,0.34058
5444,0.34065
5445,0.34081
5446,0.34242
5447,0.34377
5448,0.34477
5449,0.34608
5450,0.3467
5451,0.34709
5452,0.34739
5453,0.34742
5454,0.34743
5455,0.34823
5456,0.34887
5457,0.3495
5458,0.34959
5459,0.34982
5460,0.35077
5461,0.35194
5462,0.35257
5463,0.35358
5464,0.35439
5465,0.35575
5466,0.35684
5467,0.35684
5468,0.35684
5469,0.35699
5470,0.35962
5471,0.36012
5472,0.36077
5473,0.36077
5474,0.36092
5475,0.3613
5476,0.3622
5477,0.3622
5478,0.36334
5479,0.36361
5480,0.36478
5481,0.36534
5482,0.36687
5483,0.3671
5484,0.36863
5485,0.3716
5486,0.37189
5487,0.37363
5488,0.37574
5489,0.3761
5490,0.37698
5491,0.37719
5492,0.37719
5493,0.37719
5494,0.378
5495,0.37981
5496,0.38021
5497,0.38056
5498,0.38256
5499,0.38277
5500,0.38445
5501,0.38501
5502,0.38604
5503,0.38702
5504,0.38721
5505,0.38721
5506,0.39012
5507,0.39272
5508,0.39326
5509,0.39347
5510,0.39388
5511,0.3943
5512,0.39474
5513,0.39593
5514,0.39747
5515,0.39749
5516,0.39763
5517,0.39763
5518,0.39763
5519,0.39763
5520,0.39763
5521,0.39763
5522,0.39763
5523,0.39768
5524,0.39783
5525,0.40021
5526,0.40115
5527,0.40314
5528,0.40366
5529,0.40403
5530,0.40437
5531,0.4044
5532,0.40454
5533,0.40537
5534,0.40553
5535,0.40611
5536,0.40612
5537,0.40613
5538,0.40613
5539,0.40613
5540,0.40613
5541,0.40613
5542,0.40613
5543,0.40613
5544,0.40613
5545,0.40613
5546,0.40613
5547,0.40613
5548,0.40613
5549,0.40613
5550,0.40613
5551,0.40613
5552,0.40613
5553,0.40613
5554,0.40613
5555,0.40613
5556,0.40613
5557,0.40613
5558,0.40613
5559,0.40613
5560,0.40613
5561,0.40613
5562,0.40613
5563,0.40613
5564,0.40613
5565,0.40613
5566,0.40613
5567,0.40613
5568,0.40613
5569,0.40613
5570,0.40613
5571,0.40613
5572,0.40613
5573,0.40613
5574,0.40613
5575,0.40613
5576,0.40613
5577,0.40613
5578,0.40613
5579,0.40613
5580,0.40613
5581,0.40613
5582,0.40613
5583,0.40613
5584,0.40613
5585,0.40613
5586,0.40613
5587,0.40613
5588,0.40613
5589,0.40613
5590,0.40613
5591,0.40613
5592,0.40613
5593,0.40613
5594,0.40613
5595,0.40613
5596,0.40613
5597,0.40613
5598,0.40613
5599,0.40613
5600,0.40613
5601,0.40613
5602,0.40613
5603,0.40613
5604,0.40613
5605,0.40613
5606,0.40613
5607,0.40613
5608,0.40613
5609,0.40613
5610,0.40613
5611,0.40613
5612,0.40613
5613,0.40613
5614,0.40613
5615,0.40613
5616,0.40613
5617,0.40613
5618,0.40613
5619,0.40613
5620,0.40613
5621,0.40613
5622,0.40613
5623,0.40613
5624,0.40613
5625,0.40613
5626,0.40613
5627,0.40613
5628,0.40613
5629,0.40613
5630,0.40613
5631,0.40613
5632,0.40613
5633,0.40613
5634,0.40613
5635,0.40628
5636,0.40649
5637,0.40687
5638,0.4071
5639,0.40744
5640,0.40798
5641,0.40802
5642,0.40836
5643,0.40847
5644,0.40847
5645,0.40847
5646,0.40847
5647,0.40847
5648,0.40923
5649,0.40963
5650,0.40971
5651,0.40987
5652,0.41003
5653,0.41014
5654,0.41016
5655,0.41025
5656,0.41111
5657,0.41184
5658,0.41199
5659,0.41199
5660,0.41214
5661,0.41313
5662,0.41587
5663,0.41624
5664,0.41632
5665,0.41632
5666,0.4164
5667,0.41641
5668,0.4165
5669,0.41655
5670,0.41657
5671,0.41657
5672,0.41657
5673,0.41739
5674,0.41931
5675,0.41972
5676,0.42075
5677,0.4208
5678,0.42347
5679,0.42353
5680,0.42468
5681,0.42472
5682,0.42472
5683,0.42472
5684,0.42472
5685,0.42472
5686,0.42512
5687,0.42522
5688,0.42562
5689,0.42577
5690,0.42577
5691,0.42577
5692,0.42577
5693,0.42577
5694,0.42577
5695,0.42577
5696,0.42577
5697,0.42577
5698,0.42577
5699,0.42577
5700,0.42577
5701,0.42638
5702,0.42652
5703,0.42767
5704,0.42957
5705,0.43299
5706,0.43347
5707,0.43443
5708,0.43949
5709,0.44163
5710,0.44304
5711,0.44315
5712,0.44455
5713,0.44498
5714,0.44705
5715,0.44878
5716,0.44879
5717,0.45068
5718,0.4514
5719,0.4515
5720,0.45189
5721,0.45393
5722,0.4541
5723,0.45639
5724,0.45742
5725,0.45806
5726,0.45806
5727,0.45931
5728,0.45948
5729,0.45953
5730,0.46098
5731,0.46132
5732,0.46132
5733,0.46438
5734,0.46486
5735,0.46594
5736,0.46739
5737,0.47034
5738,0.47115
5739,0.47122
5740,0.47181
5741,0.47258
5742,0.47399
5743,0.4751
5744,0.4751
5745,0.47689
5746,0.47734
5747,0.47817
5748,0.47944
5749,0.48047
5750,0.48082
5751,0.48168
5752,0.48631
5753,0.48694
5754,0.48704
5755,0.48831
5756,0.48966
5757,0.49077
5758,0.49476
5759,0.49841
5760,0.49904
5761,0.5041
5762,0.50922
5763,0.51373
5764,0.51436
5765,0.51558
5766,0.52113
5767,0.52621
5768,0.52966
5769,0.53245
5770,0.53485
5771,0.53583
5772,0.53739
5773,0.53795
5774,0.54243
5775,0.54374
5776,0.5441
5777,0.54847
5778,0.55053
5779,0.55131
5780,0.55464
5781,0.55464
5782,0.55543
5783,0.55633
5784,0.55644
5785,0.55796
5786,0.55914
5787,0.56136
5788,0.56194
5789,0.56204
5790,0.56319
5791,0.56321
5792,0.56333
5793,0.5655
5794,0.5655
5795,0.56671
5796,0.56706
5797,0.56706
5798,0.56768
5799,0.56768
5800,0.56768
5801,0.5686
5802,0.5702
5803,0.57028
5804,0.57029
5805,0.57029
5806,0.57029
5807,0.57029
5808,0.57029
5809,0.57107
5810,0.57523
5811,0.57713
5812,0.58099
5813,0.58119
5814,0.58778
5815,0.59499
5816,0.59637
5817,0.59809
5818,0.59876
5819,0.60815
5820,0.60819
5821,0.6086
5822,0.61282
5823,0.61451
5824,0.61478
5825,0.6283
5826,0.63122
5827,0.64869
5828,0.65338
5829,0.65513
5830,0.6671
5831,0.67034
5832,0.67034
5833,0.67255
5834,0.67409
5835,0.67533
5836,0.67693
5837,0.69314
5838,0.72897
5839,0.73009
5840,0.73389
5841,0.73761
5842,0.74253
5843,0.7451
5844,0.747
5845,0.7482
5846,0.75542
5847,0.76091
5848,0.7683
5849,0.77211
5850,0.77243
5851,0.77943
5852,0.77965
5853,0.78
5854,0.78038
5855,0.78473
5856,0.78563
5857,0.79032
5858,0.80068
5859,0.8007
5860,0.8073
5861,0.81299
5862,0.81299
5863,0.82465
5864,0.83311
5865,0.83781
5866,0.83869
5867,0.84276
5868,0.84276
5869,0.84352
5870,0.85349
5871,0.85988
5872,0.8935
5873,0.89968
5874,0.93446
5875,0.9397
5876,0.93987
5877,0.9455
5878,0.95052
5879,0.96227
5880,0.97277
5881,0.97361
5882,0.97435
5883,0.97543
5884,0.97576
5885,0.97843
5886,0.98435
5887,0.99167
5888,1.00424
5889,1.00432
5890,1.00712
5891,1.02226
5892,1.02242
5893,1.03084
5894,1.04542
5895,1.0469
5896,1.04785
5897,1.0508
5898,1.05999
5899,1.06074
5900,1.06408
5901,1.06702
5902,1.082
5903,1.08555
5904,1.09208
5905,1.09375
5906,1.09441
5907,1.10237
5908,1.1068
5909,1.10785
5910,1.10975
5911,1.11002
5912,1.11957
5913,1.12102
5914,1.1243
5915,1.12842
5916,1.13016
5917,1.13745
5918,1.14384
5919,1.14417
5920,1.1487
5921,1.15438
5922,1.15451
5923,1.16618
5924,1.17041
5925,1.18063
5926,1.18401
5927,1.1859
5928,1.19898
5929,1.20649
5930,1.20726
5931,1.20747
5932,1.21525
5933,1.2317
5934,1.23682
5935,1.23682
5936,1.23682
5937,1.23682
5938,1.23682
5939,1.23682
5940,1.23682
5941,1.23682
5942,1.23682
5943,1.23682
5944,1.23682
5945,1.23682
5946,1.23682
5947,1.23682
5948,1.24124
5949,1.25645
5950,1.29327
5951,1.29818
5952,1.31293
5953,1.33034
5954,1.33034
5955,1.34615
5956,1.40127
5957,1.40131
5958,1.42742
5959,1.46822
5960,1.48393
5961,1.50387
5962,1.51806
5963,1.51918
5964,1.55391
5965,1.56662
5966,1.58227
5967,1.6661
5968,1.86134
5969,1.89307
5970,1.95772
5971,2.01527
5972,2.01597
5973,2.02668
5974,2.03305
5975,2.12353
5976,2.20443
5977,2.20564
5978,2.23272
5979,2.63656
5980,2.67333
5981,2.70057
5982,2.73708
5983,2.8368
5984,2.85003
5985,2.96798
5986,3.01917
5987,3.05777
5988,3.08324
5989,3.08697
5990,3.15636
5991,3.1684
5992,3.16853
5993,4.14955
5994,4.18898
5995,4.26129
5996,4.31011
5997,4.36746
5998,4.81464
5999,5.16233
6000,5.16241
6001,5.16266
6002,5.16342
6003,5.31198
6004,5.56397
6005,5.88074
6006,6.43555
6007,6.71463
6008,7.06596
6009,7.21913
6010,7.26447
6011,7.45086
6012,7.45163
6013,7.99431
6014,7.99431
6015,8.30934
6016,8.31419
6017,8.51576
6018,8.52135
6019,8.52195
6020,8.5241
6021,8.52784
6022,8.66069
6023,8.94413
6024,9.05482
6025,9.45839
6026,9.45853
6027,9.45881
6028,9.45881
6029,9.45894
6030,9.45932
6031,9.45946
6032,9.4595
6033,9.45956
6034,9.45973
6035,9.45982
6036,9.49447
6037,9.55556
6038,9.66051
6039,9.68652
6040,9.87505
6041,10.36066
6042,10.77583
6043,10.80713
6044,10.87789
6045,11.42505
6046,11.59474
6047,11.74205
6048,11.80216
6049,11.828
6050,11.83724
6051,11.8509
6052,11.86863
6053,11.91098
6054,11.92319
6055,11.93851
6056,11.94749
6057,11.94749
6058,11.94749
6059,11.9475
6060,11.9475
6061,11.94755
6062,11.94755
6063,11.94757
6064,11.94757
6065,11.97786
6066,11.99403
6067,12.02373
6068,12.02373
6069,12.02373
6070,12.02373
6071,22.66102
